2026-08-27 19:50:18,311 [INFO] STARTE ANALYSE & BEREINIGUNG FÜR: 2026-08-26_geoportalnipp_rkd.parquet
2026-08-27 19:50:39,256 [INFO] STARTE ANALYSE & BEREINIGUNG FÜR: 2026-08-26_geoportalnipp_rkd.parquet
2026-08-27 19:50:39,362 [INFO] Schritt 1: Detaillierter Text-Clean gestartet...
2026-08-27 19:50:39,585 [INFO] --- Fehlerstatistik pro Spalte ---
2026-08-27 19:50:39,586 [INFO] > Spalte 'naziv': 38 Änderungen (whitespaces: 38)
2026-08-27 19:50:39,587 [INFO] > Spalte 'adresa': 7 Änderungen (whitespaces: 7)
2026-08-27 19:50:39,587 [INFO] > Spalte 'registarki_broj_n': 14922 Änderungen (placeholders: 7461, invalid_to_nan: 7461)
2026-08-27 19:50:39,591 [INFO] > Spalte 'datacija': 513 Änderungen (whitespaces: 4, invalid_to_nan: 509)
2026-08-27 19:50:39,592 [INFO] > Spalte 'autor': 1741 Änderungen (whitespaces: 1, invalid_to_nan: 1740)
2026-08-27 19:50:39,592 [INFO] > Spalte 'opis': 2840 Änderungen (linebreaks: 587, excel_artifacts: 27, whitespaces: 2224, placeholders: 1, invalid_to_nan: 1)
2026-08-27 19:50:39,593 [INFO] --- Globale Fehlerzusammenfassung ---
2026-08-27 19:50:39,593 [INFO] > Zeilenumbrüche entfernt: 587
2026-08-27 19:50:39,594 [INFO] > Excel-Artefakte entfernt: 27
2026-08-27 19:50:39,594 [INFO] > Whitespace-Korrekturen: 2274
2026-08-27 19:50:39,595 [INFO] > Platzhalter entfernt: 7462
2026-08-27 19:50:39,595 [INFO] > Ungültige Texte zu NaN konvertiert: 9711
2026-08-27 19:50:39,596 [INFO] Gesamtanzahl behobener Anomalien über alle Spalten: 20061
2026-08-27 19:53:50,366 [INFO] STARTE ANALYSE & BEREINIGUNG FÜR: 2026-08-26_geoportalnipp_rkd.parquet
2026-08-27 19:53:50,405 [INFO] Schritt 1: Detaillierter Text-Clean gestartet...
2026-08-27 19:53:50,636 [INFO] --- Fehlerstatistik pro Spalte ---
2026-08-27 19:53:50,637 [INFO] > Spalte 'naziv': 38 Änderungen (whitespaces: 38)
2026-08-27 19:53:50,638 [INFO] > Spalte 'adresa': 7 Änderungen (whitespaces: 7)
2026-08-27 19:53:50,638 [INFO] > Spalte 'registarki_broj_n': 14922 Änderungen (placeholders: 7461, invalid_to_nan: 7461)
2026-08-27 19:53:50,639 [INFO] > Spalte 'datacija': 513 Änderungen (whitespaces: 4, invalid_to_nan: 509)
2026-08-27 19:53:50,639 [INFO] > Spalte 'autor': 1741 Änderungen (whitespaces: 1, invalid_to_nan: 1740)
2026-08-27 19:53:50,640 [INFO] > Spalte 'opis': 2840 Änderungen (linebreaks: 587, excel_artifacts: 27, whitespaces: 2224, placeholders: 1, invalid_to_nan: 1)
2026-08-27 19:53:50,640 [INFO] --- Globale Fehlerzusammenfassung ---
2026-08-27 19:53:50,641 [INFO] > Zeilenumbrüche entfernt: 587
2026-08-27 19:53:50,641 [INFO] > Excel-Artefakte entfernt: 27
2026-08-27 19:53:50,642 [INFO] > Whitespace-Korrekturen: 2274
2026-08-27 19:53:50,642 [INFO] > Platzhalter entfernt: 7462
2026-08-27 19:53:50,643 [INFO] > Ungültige Texte zu NaN konvertiert: 9711
2026-08-27 19:53:50,643 [INFO] Gesamtanzahl behobener Anomalien über alle Spalten: 20061
2026-08-27 19:54:40,494 [INFO] STARTE ANALYSE & BEREINIGUNG FÜR: 2026-08-26_geoportalnipp_rkd.parquet
2026-08-27 19:54:40,560 [INFO] Schritt 1: Detaillierter Text-Clean gestartet...
2026-08-27 19:54:40,783 [INFO] --- Fehlerstatistik pro Spalte ---
2026-08-27 19:54:40,784 [INFO] > Spalte 'naziv': 38 Änderungen (whitespaces: 38)
2026-08-27 19:54:40,784 [INFO] > Spalte 'adresa': 7 Änderungen (whitespaces: 7)
2026-08-27 19:54:40,785 [INFO] > Spalte 'registarki_broj_n': 14922 Änderungen (placeholders: 7461, invalid_to_nan: 7461)
2026-08-27 19:54:40,785 [INFO] > Spalte 'datacija': 513 Änderungen (whitespaces: 4, invalid_to_nan: 509)
2026-08-27 19:54:40,786 [INFO] > Spalte 'autor': 1741 Änderungen (whitespaces: 1, invalid_to_nan: 1740)
2026-08-27 19:54:40,786 [INFO] > Spalte 'opis': 2840 Änderungen (linebreaks: 587, excel_artifacts: 27, whitespaces: 2224, placeholders: 1, invalid_to_nan: 1)
2026-08-27 19:54:40,787 [INFO] --- Globale Fehlerzusammenfassung ---
2026-08-27 19:54:40,787 [INFO] > Zeilenumbrüche entfernt: 587
2026-08-27 19:54:40,788 [INFO] > Excel-Artefakte entfernt: 27
2026-08-27 19:54:40,788 [INFO] > Whitespace-Korrekturen: 2274
2026-08-27 19:54:40,789 [INFO] > Platzhalter entfernt: 7462
2026-08-27 19:54:40,790 [INFO] > Ungültige Texte zu NaN konvertiert: 9711
2026-08-27 19:54:40,790 [INFO] Gesamtanzahl behobener Anomalien über alle Spalten: 20061
2026-08-27 19:55:49,503 [INFO] STARTE ANALYSE & BEREINIGUNG FÜR: 2026-08-26_geoportalnipp_rkd.parquet
2026-08-27 19:55:49,541 [INFO] Schritt 1: Detaillierter Text-Clean gestartet...
2026-08-27 19:55:49,760 [INFO] --- Fehlerstatistik pro Spalte ---
2026-08-27 19:55:49,761 [INFO] > Spalte 'naziv': 38 Änderungen (whitespaces: 38)
2026-08-27 19:55:49,761 [INFO] > Spalte 'adresa': 7 Änderungen (whitespaces: 7)
2026-08-27 19:55:49,762 [INFO] > Spalte 'registarki_broj_n': 14922 Änderungen (placeholders: 7461, invalid_to_nan: 7461)
2026-08-27 19:55:49,762 [INFO] > Spalte 'datacija': 513 Änderungen (whitespaces: 4, invalid_to_nan: 509)
2026-08-27 19:55:49,763 [INFO] > Spalte 'autor': 1741 Änderungen (whitespaces: 1, invalid_to_nan: 1740)
2026-08-27 19:55:49,763 [INFO] > Spalte 'opis': 2840 Änderungen (linebreaks: 587, excel_artifacts: 27, whitespaces: 2224, placeholders: 1, invalid_to_nan: 1)
2026-08-27 19:55:49,764 [INFO] --- Globale Fehlerzusammenfassung ---
2026-08-27 19:55:49,764 [INFO] > Zeilenumbrüche entfernt: 587
2026-08-27 19:55:49,765 [INFO] > Excel-Artefakte entfernt: 27
2026-08-27 19:55:49,765 [INFO] > Whitespace-Korrekturen: 2274
2026-08-27 19:55:49,766 [INFO] > Platzhalter entfernt: 7462
2026-08-27 19:55:49,766 [INFO] > Ungültige Texte zu NaN konvertiert: 9711
2026-08-27 19:55:49,767 [INFO] Gesamtanzahl behobener Anomalien über alle Spalten: 20061
2026-08-27 19:56:43,385 [INFO] STARTE ANALYSE & BEREINIGUNG FÜR: 2026-08-26_geoportalnipp_rkd.parquet
2026-08-27 19:56:43,424 [INFO] Schritt 1: Detaillierter Text-Clean gestartet...
2026-08-27 19:56:43,647 [INFO] --- Fehlerstatistik pro Spalte ---
2026-08-27 19:56:43,647 [INFO] > Spalte 'naziv': 38 Änderungen (whitespaces: 38)
2026-08-27 19:56:43,648 [INFO] > Spalte 'adresa': 7 Änderungen (whitespaces: 7)
2026-08-27 19:56:43,649 [INFO] > Spalte 'registarki_broj_n': 14922 Änderungen (placeholders: 7461, invalid_to_nan: 7461)
2026-08-27 19:56:43,649 [INFO] > Spalte 'datacija': 513 Änderungen (whitespaces: 4, invalid_to_nan: 509)
2026-08-27 19:56:43,650 [INFO] > Spalte 'autor': 1741 Änderungen (whitespaces: 1, invalid_to_nan: 1740)
2026-08-27 19:56:43,650 [INFO] > Spalte 'opis': 2840 Änderungen (linebreaks: 587, excel_artifacts: 27, whitespaces: 2224, placeholders: 1, invalid_to_nan: 1)
2026-08-27 19:56:43,651 [INFO] --- Globale Fehlerzusammenfassung ---
2026-08-27 19:56:43,652 [INFO] > Zeilenumbrüche entfernt: 587
2026-08-27 19:56:43,652 [INFO] > Excel-Artefakte entfernt: 27
2026-08-27 19:56:43,652 [INFO] > Whitespace-Korrekturen: 2274
2026-08-27 19:56:43,653 [INFO] > Platzhalter entfernt: 7462
2026-08-27 19:56:43,653 [INFO] > Ungültige Texte zu NaN konvertiert: 9711
2026-08-27 19:56:43,654 [INFO] Gesamtanzahl behobener Anomalien über alle Spalten: 20061
2026-08-27 20:03:15,897 [INFO] STARTE ANALYSE & BEREINIGUNG FÜR: 2026-08-26_geoportalnipp_rkd.parquet
2026-08-27 20:03:15,936 [INFO] Schritt 1: Detaillierter Text-Clean gestartet...
2026-08-27 20:03:16,172 [INFO] --- Fehlerstatistik pro Spalte ---
2026-08-27 20:03:16,173 [INFO] > Spalte 'naziv': 38 Änderungen (whitespaces: 38)
2026-08-27 20:03:16,173 [INFO] > Spalte 'adresa': 7 Änderungen (whitespaces: 7)
2026-08-27 20:03:16,174 [INFO] > Spalte 'registarki_broj_n': 14922 Änderungen (placeholders: 7461, invalid_to_nan: 7461)
2026-08-27 20:03:16,175 [INFO] > Spalte 'datacija': 513 Änderungen (whitespaces: 4, invalid_to_nan: 509)
2026-08-27 20:03:16,175 [INFO] > Spalte 'autor': 1741 Änderungen (whitespaces: 1, invalid_to_nan: 1740)
2026-08-27 20:03:16,176 [INFO] > Spalte 'opis': 2840 Änderungen (linebreaks: 587, excel_artifacts: 27, whitespaces: 2224, placeholders: 1, invalid_to_nan: 1)
2026-08-27 20:03:16,176 [INFO] --- Globale Fehlerzusammenfassung ---
2026-08-27 20:03:16,177 [INFO] > Zeilenumbrüche entfernt: 587
2026-08-27 20:03:16,177 [INFO] > Excel-Artefakte entfernt: 27
2026-08-27 20:03:16,178 [INFO] > Whitespace-Korrekturen: 2274
2026-08-27 20:03:16,178 [INFO] > Platzhalter entfernt: 7462
2026-08-27 20:03:16,179 [INFO] > Ungültige Texte zu NaN konvertiert: 9711
2026-08-27 20:03:16,179 [INFO] Gesamtanzahl behobener Anomalien über alle Spalten: 20061
2026-08-27 20:04:33,723 [INFO] STARTE ANALYSE & BEREINIGUNG FÜR: 2026-08-26_geoportalnipp_rkd.parquet
2026-08-27 20:04:33,767 [INFO] Schritt 1: Detaillierter Text-Clean gestartet...
2026-08-27 20:04:33,999 [INFO] --- Fehlerstatistik pro Spalte ---
2026-08-27 20:04:34,000 [INFO] > Spalte 'naziv': 38 Änderungen (whitespaces: 38)
2026-08-27 20:04:34,001 [INFO] > Spalte 'adresa': 7 Änderungen (whitespaces: 7)
2026-08-27 20:04:34,001 [INFO] > Spalte 'registarki_broj_n': 14922 Änderungen (placeholders: 7461, invalid_to_nan: 7461)
2026-08-27 20:04:34,002 [INFO] > Spalte 'datacija': 513 Änderungen (whitespaces: 4, invalid_to_nan: 509)
2026-08-27 20:04:34,002 [INFO] > Spalte 'autor': 1741 Änderungen (whitespaces: 1, invalid_to_nan: 1740)
2026-08-27 20:04:34,003 [INFO] > Spalte 'opis': 2840 Änderungen (linebreaks: 587, excel_artifacts: 27, whitespaces: 2224, placeholders: 1, invalid_to_nan: 1)
2026-08-27 20:04:34,003 [INFO] --- Globale Fehlerzusammenfassung ---
2026-08-27 20:04:34,004 [INFO] > Zeilenumbrüche entfernt: 587
2026-08-27 20:04:34,004 [INFO] > Excel-Artefakte entfernt: 27
2026-08-27 20:04:34,005 [INFO] > Whitespace-Korrekturen: 2274
2026-08-27 20:04:34,005 [INFO] > Platzhalter entfernt: 7462
2026-08-27 20:04:34,006 [INFO] > Ungültige Texte zu NaN konvertiert: 9711
2026-08-27 20:04:34,006 [INFO] Gesamtanzahl behobener Anomalien über alle Spalten: 20061
2026-08-27 20:05:15,662 [INFO] STARTE ANALYSE & BEREINIGUNG FÜR: 2026-08-26_geoportalnipp_rkd.parquet
2026-08-27 20:05:15,703 [INFO] Schritt 1: Detaillierter Text-Clean gestartet...
2026-08-27 20:05:15,932 [INFO] --- Fehlerstatistik pro Spalte ---
2026-08-27 20:05:15,933 [INFO] > Spalte 'naziv': 38 Änderungen (whitespaces: 38)
2026-08-27 20:05:15,933 [INFO] > Spalte 'adresa': 7 Änderungen (whitespaces: 7)
2026-08-27 20:05:15,934 [INFO] > Spalte 'registarki_broj_n': 14922 Änderungen (placeholders: 7461, invalid_to_nan: 7461)
2026-08-27 20:05:15,934 [INFO] > Spalte 'datacija': 513 Änderungen (whitespaces: 4, invalid_to_nan: 509)
2026-08-27 20:05:15,935 [INFO] > Spalte 'autor': 1741 Änderungen (whitespaces: 1, invalid_to_nan: 1740)
2026-08-27 20:05:15,935 [INFO] > Spalte 'opis': 2840 Änderungen (linebreaks: 587, excel_artifacts: 27, whitespaces: 2224, placeholders: 1, invalid_to_nan: 1)
2026-08-27 20:05:15,936 [INFO] --- Globale Fehlerzusammenfassung ---
2026-08-27 20:05:15,936 [INFO] > Zeilenumbrüche entfernt: 587
2026-08-27 20:05:15,936 [INFO] > Excel-Artefakte entfernt: 27
2026-08-27 20:05:15,937 [INFO] > Whitespace-Korrekturen: 2274
2026-08-27 20:05:15,937 [INFO] > Platzhalter entfernt: 7462
2026-08-27 20:05:15,938 [INFO] > Ungültige Texte zu NaN konvertiert: 9711
2026-08-27 20:05:15,938 [INFO] Gesamtanzahl behobener Anomalien über alle Spalten: 20061
2026-08-27 20:13:07,590 [INFO] STARTE ANALYSE & BEREINIGUNG FÜR: 2026-08-26_geoportalnipp_rkd.parquet
2026-08-27 20:13:07,653 [INFO] Schritt 1: Detaillierter Text-Clean gestartet...
2026-08-27 20:13:07,874 [INFO] --- Fehlerstatistik pro Spalte ---
2026-08-27 20:13:07,874 [INFO] > Spalte 'naziv': 38 Änderungen (whitespaces: 38)
2026-08-27 20:13:07,874 [INFO] > Spalte 'adresa': 7 Änderungen (whitespaces: 7)
2026-08-27 20:13:07,875 [INFO] > Spalte 'registarki_broj_n': 14922 Änderungen (placeholders: 7461, invalid_to_nan: 7461)
2026-08-27 20:13:07,876 [INFO] > Spalte 'datacija': 513 Änderungen (whitespaces: 4, invalid_to_nan: 509)
2026-08-27 20:13:07,876 [INFO] > Spalte 'autor': 1741 Änderungen (whitespaces: 1, invalid_to_nan: 1740)
2026-08-27 20:13:07,876 [INFO] > Spalte 'opis': 2840 Änderungen (linebreaks: 587, excel_artifacts: 27, whitespaces: 2224, placeholders: 1, invalid_to_nan: 1)
2026-08-27 20:13:07,877 [INFO] --- Globale Fehlerzusammenfassung ---
2026-08-27 20:13:07,877 [INFO] > Zeilenumbrüche entfernt: 587
2026-08-27 20:13:07,878 [INFO] > Excel-Artefakte entfernt: 27
2026-08-27 20:13:07,878 [INFO] > Whitespace-Korrekturen: 2274
2026-08-27 20:13:07,879 [INFO] > Platzhalter entfernt: 7462
2026-08-27 20:13:07,879 [INFO] > Ungültige Texte zu NaN konvertiert: 9711
2026-08-27 20:13:07,879 [INFO] Gesamtanzahl behobener Anomalien über alle Spalten: 20061
2026-08-27 20:15:08,950 [INFO] STARTE ANALYSE & BEREINIGUNG FÜR: 2026-08-26_geoportalnipp_rkd.parquet
2026-08-27 20:15:09,013 [INFO] Schritt 1: Detaillierter Text-Clean gestartet...
2026-08-27 20:15:09,233 [INFO] --- Fehlerstatistik pro Spalte ---
2026-08-27 20:15:09,233 [INFO] > Spalte 'naziv': 38 Änderungen (whitespaces: 38)
2026-08-27 20:15:09,234 [INFO] > Spalte 'adresa': 7 Änderungen (whitespaces: 7)
2026-08-27 20:15:09,234 [INFO] > Spalte 'registarki_broj_n': 14922 Änderungen (placeholders: 7461, invalid_to_nan: 7461)
2026-08-27 20:15:09,235 [INFO] > Spalte 'datacija': 513 Änderungen (whitespaces: 4, invalid_to_nan: 509)
2026-08-27 20:15:09,235 [INFO] > Spalte 'autor': 1741 Änderungen (whitespaces: 1, invalid_to_nan: 1740)
2026-08-27 20:15:09,235 [INFO] > Spalte 'opis': 2840 Änderungen (linebreaks: 587, excel_artifacts: 27, whitespaces: 2224, placeholders: 1, invalid_to_nan: 1)
2026-08-27 20:15:09,236 [INFO] --- Globale Fehlerzusammenfassung ---
2026-08-27 20:15:09,236 [INFO] > Zeilenumbrüche entfernt: 587
2026-08-27 20:15:09,236 [INFO] > Excel-Artefakte entfernt: 27
2026-08-27 20:15:09,237 [INFO] > Whitespace-Korrekturen: 2274
2026-08-27 20:15:09,237 [INFO] > Platzhalter entfernt: 7462
2026-08-27 20:15:09,238 [INFO] > Ungültige Texte zu NaN konvertiert: 9711
2026-08-27 20:15:09,238 [INFO] Gesamtanzahl behobener Anomalien über alle Spalten: 20061
2026-08-27 20:15:44,716 [INFO] STARTE ANALYSE & BEREINIGUNG FÜR: 2026-08-26_geoportalnipp_rkd.parquet
2026-08-27 20:15:44,781 [INFO] Schritt 1: Detaillierter Text-Clean gestartet...
2026-08-27 20:15:45,000 [INFO] --- Fehlerstatistik pro Spalte ---
2026-08-27 20:15:45,001 [INFO] > Spalte 'naziv': 38 Änderungen (whitespaces: 38)
2026-08-27 20:15:45,001 [INFO] > Spalte 'adresa': 7 Änderungen (whitespaces: 7)
2026-08-27 20:15:45,002 [INFO] > Spalte 'registarki_broj_n': 14922 Änderungen (placeholders: 7461, invalid_to_nan: 7461)
2026-08-27 20:15:45,002 [INFO] > Spalte 'datacija': 513 Änderungen (whitespaces: 4, invalid_to_nan: 509)
2026-08-27 20:15:45,002 [INFO] > Spalte 'autor': 1741 Änderungen (whitespaces: 1, invalid_to_nan: 1740)
2026-08-27 20:15:45,003 [INFO] > Spalte 'opis': 2840 Änderungen (linebreaks: 587, excel_artifacts: 27, whitespaces: 2224, placeholders: 1, invalid_to_nan: 1)
2026-08-27 20:15:45,004 [INFO] --- Globale Fehlerzusammenfassung ---
2026-08-27 20:15:45,004 [INFO] > Zeilenumbrüche entfernt: 587
2026-08-27 20:15:45,004 [INFO] > Excel-Artefakte entfernt: 27
2026-08-27 20:15:45,005 [INFO] > Whitespace-Korrekturen: 2274
2026-08-27 20:15:45,005 [INFO] > Platzhalter entfernt: 7462
2026-08-27 20:15:45,006 [INFO] > Ungültige Texte zu NaN konvertiert: 9711
2026-08-27 20:15:45,006 [INFO] Gesamtanzahl behobener Anomalien über alle Spalten: 20061
2026-08-27 20:18:54,326 [INFO] STARTE ANALYSE & BEREINIGUNG FÜR: 2026-08-26_geoportalnipp_rkd.parquet
2026-08-27 20:18:54,364 [INFO] Schritt 1: Detaillierter Text-Clean gestartet...
2026-08-27 20:18:54,605 [INFO] --- Fehlerstatistik pro Spalte ---
2026-08-27 20:18:54,606 [INFO] > Spalte 'naziv': 38 Änderungen (whitespaces: 38)
2026-08-27 20:18:54,607 [INFO] > Spalte 'adresa': 7 Änderungen (whitespaces: 7)
2026-08-27 20:18:54,607 [INFO] > Spalte 'registarki_broj_n': 14922 Änderungen (placeholders: 7461, invalid_to_nan: 7461)
2026-08-27 20:18:54,608 [INFO] > Spalte 'datacija': 513 Änderungen (whitespaces: 4, invalid_to_nan: 509)
2026-08-27 20:18:54,608 [INFO] > Spalte 'autor': 1741 Änderungen (whitespaces: 1, invalid_to_nan: 1740)
2026-08-27 20:18:54,609 [INFO] > Spalte 'opis': 2840 Änderungen (linebreaks: 587, excel_artifacts: 27, whitespaces: 2224, placeholders: 1, invalid_to_nan: 1)
2026-08-27 20:18:54,609 [INFO] --- Globale Fehlerzusammenfassung ---
2026-08-27 20:18:54,610 [INFO] > Zeilenumbrüche entfernt: 587
2026-08-27 20:18:54,610 [INFO] > Excel-Artefakte entfernt: 27
2026-08-27 20:18:54,611 [INFO] > Whitespace-Korrekturen: 2274
2026-08-27 20:18:54,611 [INFO] > Platzhalter entfernt: 7462
2026-08-27 20:18:54,612 [INFO] > Ungültige Texte zu NaN konvertiert: 9711
2026-08-27 20:18:54,612 [INFO] Gesamtanzahl behobener Anomalien über alle Spalten: 20061
2026-08-27 20:19:19,694 [INFO] STARTE ANALYSE & BEREINIGUNG FÜR: 2026-08-26_geoportalnipp_rkd.parquet
2026-08-27 20:19:19,729 [INFO] Schritt 1: Detaillierter Text-Clean gestartet...
2026-08-27 20:19:19,966 [INFO] --- Fehlerstatistik pro Spalte ---
2026-08-27 20:19:19,967 [INFO] > Spalte 'naziv': 38 Änderungen (whitespaces: 38)
2026-08-27 20:19:19,968 [INFO] > Spalte 'adresa': 7 Änderungen (whitespaces: 7)
2026-08-27 20:19:19,968 [INFO] > Spalte 'registarki_broj_n': 14922 Änderungen (placeholders: 7461, invalid_to_nan: 7461)
2026-08-27 20:19:19,968 [INFO] > Spalte 'datacija': 513 Änderungen (whitespaces: 4, invalid_to_nan: 509)
2026-08-27 20:19:19,969 [INFO] > Spalte 'autor': 1741 Änderungen (whitespaces: 1, invalid_to_nan: 1740)
2026-08-27 20:19:19,969 [INFO] > Spalte 'opis': 2840 Änderungen (linebreaks: 587, excel_artifacts: 27, whitespaces: 2224, placeholders: 1, invalid_to_nan: 1)
2026-08-27 20:19:19,970 [INFO] --- Globale Fehlerzusammenfassung ---
2026-08-27 20:19:19,970 [INFO] > Zeilenumbrüche entfernt: 587
2026-08-27 20:19:19,971 [INFO] > Excel-Artefakte entfernt: 27
2026-08-27 20:19:19,971 [INFO] > Whitespace-Korrekturen: 2274
2026-08-27 20:19:19,972 [INFO] > Platzhalter entfernt: 7462
2026-08-27 20:19:19,972 [INFO] > Ungültige Texte zu NaN konvertiert: 9711
2026-08-27 20:19:19,973 [INFO] Gesamtanzahl behobener Anomalien über alle Spalten: 20061
2026-08-27 20:21:52,103 [INFO] STARTE ANALYSE & BEREINIGUNG FÜR: 2026-08-26_geoportalnipp_rkd.parquet
2026-08-27 20:21:52,143 [INFO] Schritt 1: Detaillierter Text-Clean gestartet...
2026-08-27 20:21:52,387 [INFO] --- Fehlerstatistik pro Spalte ---
2026-08-27 20:21:52,388 [INFO] > Spalte 'naziv': 38 Änderungen (whitespaces: 38)
2026-08-27 20:21:52,388 [INFO] > Spalte 'adresa': 7 Änderungen (whitespaces: 7)
2026-08-27 20:21:52,388 [INFO] > Spalte 'registarki_broj_n': 14922 Änderungen (placeholders: 7461, invalid_to_nan: 7461)
2026-08-27 20:21:52,389 [INFO] > Spalte 'datacija': 513 Änderungen (whitespaces: 4, invalid_to_nan: 509)
2026-08-27 20:21:52,389 [INFO] > Spalte 'autor': 1741 Änderungen (whitespaces: 1, invalid_to_nan: 1740)
2026-08-27 20:21:52,390 [INFO] > Spalte 'opis': 2840 Änderungen (linebreaks: 587, excel_artifacts: 27, whitespaces: 2224, placeholders: 1, invalid_to_nan: 1)
2026-08-27 20:21:52,390 [INFO] --- Globale Fehlerzusammenfassung ---
2026-08-27 20:21:52,390 [INFO] > Zeilenumbrüche entfernt: 587
2026-08-27 20:21:52,391 [INFO] > Excel-Artefakte entfernt: 27
2026-08-27 20:21:52,391 [INFO] > Whitespace-Korrekturen: 2274
2026-08-27 20:21:52,391 [INFO] > Platzhalter entfernt: 7462
2026-08-27 20:21:52,392 [INFO] > Ungültige Texte zu NaN konvertiert: 9711
2026-08-27 20:21:52,392 [INFO] Gesamtanzahl behobener Anomalien über alle Spalten: 20061
2026-08-27 20:24:06,746 [INFO] STARTE ANALYSE & BEREINIGUNG FÜR: 2026-08-26_geoportalnipp_rkd.parquet
2026-08-27 20:24:06,784 [INFO] Schritt 1: Detaillierter Text-Clean gestartet...
2026-08-27 20:24:07,023 [INFO] --- Fehlerstatistik pro Spalte ---
2026-08-27 20:24:07,024 [INFO] > Spalte 'naziv': 38 Änderungen (whitespaces: 38)
2026-08-27 20:24:07,024 [INFO] > Spalte 'adresa': 7 Änderungen (whitespaces: 7)
2026-08-27 20:24:07,025 [INFO] > Spalte 'registarki_broj_n': 14922 Änderungen (placeholders: 7461, invalid_to_nan: 7461)
2026-08-27 20:24:07,025 [INFO] > Spalte 'datacija': 513 Änderungen (whitespaces: 4, invalid_to_nan: 509)
2026-08-27 20:24:07,026 [INFO] > Spalte 'autor': 1741 Änderungen (whitespaces: 1, invalid_to_nan: 1740)
2026-08-27 20:24:07,027 [INFO] > Spalte 'opis': 2840 Änderungen (linebreaks: 587, excel_artifacts: 27, whitespaces: 2224, placeholders: 1, invalid_to_nan: 1)
2026-08-27 20:24:07,027 [INFO] --- Globale Fehlerzusammenfassung ---
2026-08-27 20:24:07,028 [INFO] > Zeilenumbrüche entfernt: 587
2026-08-27 20:24:07,028 [INFO] > Excel-Artefakte entfernt: 27
2026-08-27 20:24:07,029 [INFO] > Whitespace-Korrekturen: 2274
2026-08-27 20:24:07,029 [INFO] > Platzhalter entfernt: 7462
2026-08-27 20:24:07,029 [INFO] > Ungültige Texte zu NaN konvertiert: 9711
2026-08-27 20:24:07,030 [INFO] Gesamtanzahl behobener Anomalien über alle Spalten: 20061
2026-08-27 20:36:24,683 [INFO] STARTE ANALYSE & BEREINIGUNG FÜR: 2026-08-26_geoportalnipp_rkd.parquet
2026-08-27 20:36:24,751 [INFO] Schritt 1: Detaillierter Text-Clean gestartet...
2026-08-27 20:36:24,976 [INFO] --- Fehlerstatistik pro Spalte ---
2026-08-27 20:36:24,977 [INFO] > Spalte 'naziv': 38 Änderungen (whitespaces: 38)
2026-08-27 20:36:24,977 [INFO] > Spalte 'adresa': 7 Änderungen (whitespaces: 7)
2026-08-27 20:36:24,978 [INFO] > Spalte 'registarki_broj_n': 14922 Änderungen (placeholders: 7461, invalid_to_nan: 7461)
2026-08-27 20:36:24,978 [INFO] > Spalte 'datacija': 513 Änderungen (whitespaces: 4, invalid_to_nan: 509)
2026-08-27 20:36:24,979 [INFO] > Spalte 'autor': 1741 Änderungen (whitespaces: 1, invalid_to_nan: 1740)
2026-08-27 20:36:24,979 [INFO] > Spalte 'opis': 2840 Änderungen (linebreaks: 587, excel_artifacts: 27, whitespaces: 2224, placeholders: 1, invalid_to_nan: 1)
2026-08-27 20:36:24,980 [INFO] --- Globale Fehlerzusammenfassung ---
2026-08-27 20:36:24,980 [INFO] > Zeilenumbrüche entfernt: 587
2026-08-27 20:36:24,981 [INFO] > Excel-Artefakte entfernt: 27
2026-08-27 20:36:24,981 [INFO] > Whitespace-Korrekturen: 2274
2026-08-27 20:36:24,981 [INFO] > Platzhalter entfernt: 7462
2026-08-27 20:36:24,982 [INFO] > Ungültige Texte zu NaN konvertiert: 9711
2026-08-27 20:36:24,982 [INFO] Gesamtanzahl behobener Anomalien über alle Spalten: 20061
2026-08-27 20:40:28,655 [INFO] STARTE ANALYSE & BEREINIGUNG FÜR: 2026-08-26_geoportalnipp_rkd.parquet
2026-08-27 20:40:28,693 [INFO] Schritt 1: Detaillierter Text-Clean gestartet...
2026-08-27 20:40:28,934 [INFO] --- Fehlerstatistik pro Spalte ---
2026-08-27 20:40:28,935 [INFO] > Spalte 'naziv': 38 Änderungen (whitespaces: 38)
2026-08-27 20:40:28,935 [INFO] > Spalte 'adresa': 7 Änderungen (whitespaces: 7)
2026-08-27 20:40:28,936 [INFO] > Spalte 'registarki_broj_n': 14922 Änderungen (placeholders: 7461, invalid_to_nan: 7461)
2026-08-27 20:40:28,936 [INFO] > Spalte 'datacija': 513 Änderungen (whitespaces: 4, invalid_to_nan: 509)
2026-08-27 20:40:28,937 [INFO] > Spalte 'autor': 1741 Änderungen (whitespaces: 1, invalid_to_nan: 1740)
2026-08-27 20:40:28,937 [INFO] > Spalte 'opis': 2840 Änderungen (linebreaks: 587, excel_artifacts: 27, whitespaces: 2224, placeholders: 1, invalid_to_nan: 1)
2026-08-27 20:40:28,938 [INFO] --- Globale Fehlerzusammenfassung ---
2026-08-27 20:40:28,938 [INFO] > Zeilenumbrüche entfernt: 587
2026-08-27 20:40:28,938 [INFO] > Excel-Artefakte entfernt: 27
2026-08-27 20:40:28,939 [INFO] > Whitespace-Korrekturen: 2274
2026-08-27 20:40:28,939 [INFO] > Platzhalter entfernt: 7462
2026-08-27 20:40:28,940 [INFO] > Ungültige Texte zu NaN konvertiert: 9711
2026-08-27 20:40:28,940 [INFO] Gesamtanzahl behobener Anomalien über alle Spalten: 20061
2026-08-27 20:42:38,209 [INFO] STARTE ANALYSE & BEREINIGUNG FÜR: 2026-08-26_geoportalnipp_rkd.parquet
2026-08-27 20:42:38,246 [INFO] Schritt 1: Detaillierter Text-Clean gestartet...
2026-08-27 20:42:38,482 [INFO] --- Fehlerstatistik pro Spalte ---
2026-08-27 20:42:38,483 [INFO] > Spalte 'naziv': 38 Änderungen (whitespaces: 38)
2026-08-27 20:42:38,484 [INFO] > Spalte 'adresa': 7 Änderungen (whitespaces: 7)
2026-08-27 20:42:38,484 [INFO] > Spalte 'registarki_broj_n': 14922 Änderungen (placeholders: 7461, invalid_to_nan: 7461)
2026-08-27 20:42:38,485 [INFO] > Spalte 'datacija': 513 Änderungen (whitespaces: 4, invalid_to_nan: 509)
2026-08-27 20:42:38,486 [INFO] > Spalte 'autor': 1741 Änderungen (whitespaces: 1, invalid_to_nan: 1740)
2026-08-27 20:42:38,486 [INFO] > Spalte 'opis': 2840 Änderungen (linebreaks: 587, excel_artifacts: 27, whitespaces: 2224, placeholders: 1, invalid_to_nan: 1)
2026-08-27 20:42:38,487 [INFO] --- Globale Fehlerzusammenfassung ---
2026-08-27 20:42:38,487 [INFO] > Zeilenumbrüche entfernt: 587
2026-08-27 20:42:38,488 [INFO] > Excel-Artefakte entfernt: 27
2026-08-27 20:42:38,488 [INFO] > Whitespace-Korrekturen: 2274
2026-08-27 20:42:38,489 [INFO] > Platzhalter entfernt: 7462
2026-08-27 20:42:38,489 [INFO] > Ungültige Texte zu NaN konvertiert: 9711
2026-08-27 20:42:38,489 [INFO] Gesamtanzahl behobener Anomalien über alle Spalten: 20061
2026-08-27 20:47:37,040 [INFO] STARTE ANALYSE & BEREINIGUNG FÜR: 2026-08-26_geoportalnipp_rkd.parquet
2026-08-27 20:47:37,081 [INFO] Schritt 1: Detaillierter Text-Clean gestartet...
2026-08-27 20:47:37,320 [INFO] --- Fehlerstatistik pro Spalte ---
2026-08-27 20:47:37,320 [INFO] > Spalte 'naziv': 38 Änderungen (whitespaces: 38)
2026-08-27 20:47:37,321 [INFO] > Spalte 'adresa': 7 Änderungen (whitespaces: 7)
2026-08-27 20:47:37,322 [INFO] > Spalte 'registarki_broj_n': 14922 Änderungen (placeholders: 7461, invalid_to_nan: 7461)
2026-08-27 20:47:37,322 [INFO] > Spalte 'datacija': 513 Änderungen (whitespaces: 4, invalid_to_nan: 509)
2026-08-27 20:47:37,323 [INFO] > Spalte 'autor': 1741 Änderungen (whitespaces: 1, invalid_to_nan: 1740)
2026-08-27 20:47:37,323 [INFO] > Spalte 'opis': 2840 Änderungen (linebreaks: 587, excel_artifacts: 27, whitespaces: 2224, placeholders: 1, invalid_to_nan: 1)
2026-08-27 20:47:37,324 [INFO] --- Globale Fehlerzusammenfassung ---
2026-08-27 20:47:37,324 [INFO] > Zeilenumbrüche entfernt: 587
2026-08-27 20:47:37,325 [INFO] > Excel-Artefakte entfernt: 27
2026-08-27 20:47:37,325 [INFO] > Whitespace-Korrekturen: 2274
2026-08-27 20:47:37,326 [INFO] > Platzhalter entfernt: 7462
2026-08-27 20:47:37,326 [INFO] > Ungültige Texte zu NaN konvertiert: 9711
2026-08-27 20:47:37,327 [INFO] Gesamtanzahl behobener Anomalien über alle Spalten: 20061
2026-08-27 20:49:13,487 [INFO] STARTE ANALYSE & BEREINIGUNG FÜR: 2026-08-26_geoportalnipp_rkd.parquet
2026-08-27 20:49:13,523 [INFO] Schritt 1: Detaillierter Text-Clean gestartet...
2026-08-27 20:49:13,766 [INFO] --- Fehlerstatistik pro Spalte ---
2026-08-27 20:49:13,767 [INFO] > Spalte 'naziv': 38 Änderungen (whitespaces: 38)
2026-08-27 20:49:13,767 [INFO] > Spalte 'adresa': 7 Änderungen (whitespaces: 7)
2026-08-27 20:49:13,767 [INFO] > Spalte 'registarki_broj_n': 14922 Änderungen (placeholders: 7461, invalid_to_nan: 7461)
2026-08-27 20:49:13,768 [INFO] > Spalte 'datacija': 513 Änderungen (whitespaces: 4, invalid_to_nan: 509)
2026-08-27 20:49:13,768 [INFO] > Spalte 'autor': 1741 Änderungen (whitespaces: 1, invalid_to_nan: 1740)
2026-08-27 20:49:13,769 [INFO] > Spalte 'opis': 2840 Änderungen (linebreaks: 587, excel_artifacts: 27, whitespaces: 2224, placeholders: 1, invalid_to_nan: 1)
2026-08-27 20:49:13,769 [INFO] --- Globale Fehlerzusammenfassung ---
2026-08-27 20:49:13,769 [INFO] > Zeilenumbrüche entfernt: 587
2026-08-27 20:49:13,770 [INFO] > Excel-Artefakte entfernt: 27
2026-08-27 20:49:13,770 [INFO] > Whitespace-Korrekturen: 2274
2026-08-27 20:49:13,771 [INFO] > Platzhalter entfernt: 7462
2026-08-27 20:49:13,771 [INFO] > Ungültige Texte zu NaN konvertiert: 9711
2026-08-27 20:49:13,771 [INFO] Gesamtanzahl behobener Anomalien über alle Spalten: 20061
2026-08-27 20:51:23,721 [INFO] STARTE ANALYSE & BEREINIGUNG FÜR: 2026-08-26_geoportalnipp_rkd.parquet
2026-08-27 20:51:23,758 [INFO] Schritt 1: Detaillierter Text-Clean gestartet...
2026-08-27 20:51:24,014 [INFO] --- Fehlerstatistik pro Spalte ---
2026-08-27 20:51:24,015 [INFO] > Spalte 'naziv': 38 Änderungen (whitespaces: 38)
2026-08-27 20:51:24,016 [INFO] > Spalte 'adresa': 7 Änderungen (whitespaces: 7)
2026-08-27 20:51:24,017 [INFO] > Spalte 'registarki_broj_n': 14922 Änderungen (placeholders: 7461, invalid_to_nan: 7461)
2026-08-27 20:51:24,017 [INFO] > Spalte 'datacija': 513 Änderungen (whitespaces: 4, invalid_to_nan: 509)
2026-08-27 20:51:24,018 [INFO] > Spalte 'autor': 1741 Änderungen (whitespaces: 1, invalid_to_nan: 1740)
2026-08-27 20:51:24,018 [INFO] > Spalte 'opis': 2840 Änderungen (linebreaks: 587, excel_artifacts: 27, whitespaces: 2224, placeholders: 1, invalid_to_nan: 1)
2026-08-27 20:51:24,019 [INFO] --- Globale Fehlerzusammenfassung ---
2026-08-27 20:51:24,019 [INFO] > Zeilenumbrüche entfernt: 587
2026-08-27 20:51:24,020 [INFO] > Excel-Artefakte entfernt: 27
2026-08-27 20:51:24,020 [INFO] > Whitespace-Korrekturen: 2274
2026-08-27 20:51:24,021 [INFO] > Platzhalter entfernt: 7462
2026-08-27 20:51:24,021 [INFO] > Ungültige Texte zu NaN konvertiert: 9711
2026-08-27 20:51:24,022 [INFO] Gesamtanzahl behobener Anomalien über alle Spalten: 20061
2026-08-27 20:53:36,439 [INFO] STARTE ANALYSE & BEREINIGUNG FÜR: 2026-08-26_geoportalnipp_rkd.parquet
2026-08-27 20:53:36,475 [INFO] Schritt 1: Detaillierter Text-Clean gestartet...
2026-08-27 20:53:36,715 [INFO] --- Fehlerstatistik pro Spalte ---
2026-08-27 20:53:36,715 [INFO] > Spalte 'naziv': 38 Änderungen (whitespaces: 38)
2026-08-27 20:53:36,716 [INFO] > Spalte 'adresa': 7 Änderungen (whitespaces: 7)
2026-08-27 20:53:36,716 [INFO] > Spalte 'registarki_broj_n': 14922 Änderungen (placeholders: 7461, invalid_to_nan: 7461)
2026-08-27 20:53:36,717 [INFO] > Spalte 'datacija': 513 Änderungen (whitespaces: 4, invalid_to_nan: 509)
2026-08-27 20:53:36,717 [INFO] > Spalte 'autor': 1741 Änderungen (whitespaces: 1, invalid_to_nan: 1740)
2026-08-27 20:53:36,718 [INFO] > Spalte 'opis': 2840 Änderungen (linebreaks: 587, excel_artifacts: 27, whitespaces: 2224, placeholders: 1, invalid_to_nan: 1)
2026-08-27 20:53:36,718 [INFO] --- Globale Fehlerzusammenfassung ---
2026-08-27 20:53:36,718 [INFO] > Zeilenumbrüche entfernt: 587
2026-08-27 20:53:36,719 [INFO] > Excel-Artefakte entfernt: 27
2026-08-27 20:53:36,719 [INFO] > Whitespace-Korrekturen: 2274
2026-08-27 20:53:36,720 [INFO] > Platzhalter entfernt: 7462
2026-08-27 20:53:36,721 [INFO] > Ungültige Texte zu NaN konvertiert: 9711
2026-08-27 20:53:36,721 [INFO] Gesamtanzahl behobener Anomalien über alle Spalten: 20061
2026-08-27 20:56:56,338 [INFO] STARTE ANALYSE & BEREINIGUNG FÜR: 2026-08-26_geoportalnipp_rkd.parquet
2026-08-27 20:56:56,378 [INFO] Schritt 1: Detaillierter Text-Clean gestartet...
2026-08-27 20:56:56,616 [INFO] --- Fehlerstatistik pro Spalte ---
2026-08-27 20:56:56,617 [INFO] > Spalte 'naziv': 38 Änderungen (whitespaces: 38)
2026-08-27 20:56:56,618 [INFO] > Spalte 'adresa': 7 Änderungen (whitespaces: 7)
2026-08-27 20:56:56,618 [INFO] > Spalte 'registarki_broj_n': 14922 Änderungen (placeholders: 7461, invalid_to_nan: 7461)
2026-08-27 20:56:56,619 [INFO] > Spalte 'datacija': 513 Änderungen (whitespaces: 4, invalid_to_nan: 509)
2026-08-27 20:56:56,619 [INFO] > Spalte 'autor': 1741 Änderungen (whitespaces: 1, invalid_to_nan: 1740)
2026-08-27 20:56:56,620 [INFO] > Spalte 'opis': 2840 Änderungen (linebreaks: 587, excel_artifacts: 27, whitespaces: 2224, placeholders: 1, invalid_to_nan: 1)
2026-08-27 20:56:56,620 [INFO] --- Globale Fehlerzusammenfassung ---
2026-08-27 20:56:56,620 [INFO] > Zeilenumbrüche entfernt: 587
2026-08-27 20:56:56,621 [INFO] > Excel-Artefakte entfernt: 27
2026-08-27 20:56:56,621 [INFO] > Whitespace-Korrekturen: 2274
2026-08-27 20:56:56,621 [INFO] > Platzhalter entfernt: 7462
2026-08-27 20:56:56,622 [INFO] > Ungültige Texte zu NaN konvertiert: 9711
2026-08-27 20:56:56,622 [INFO] Gesamtanzahl behobener Anomalien über alle Spalten: 20061
2026-08-27 20:59:01,940 [INFO] STARTE ANALYSE & BEREINIGUNG FÜR: 2026-08-26_geoportalnipp_rkd.parquet
2026-08-27 20:59:02,006 [INFO] Schritt 1: Detaillierter Text-Clean gestartet...
2026-08-27 20:59:02,227 [INFO] --- Fehlerstatistik pro Spalte ---
2026-08-27 20:59:02,228 [INFO] > Spalte 'naziv': 38 Änderungen (whitespaces: 38)
2026-08-27 20:59:02,229 [INFO] > Spalte 'adresa': 7 Änderungen (whitespaces: 7)
2026-08-27 20:59:02,229 [INFO] > Spalte 'registarki_broj_n': 14922 Änderungen (placeholders: 7461, invalid_to_nan: 7461)
2026-08-27 20:59:02,230 [INFO] > Spalte 'datacija': 513 Änderungen (whitespaces: 4, invalid_to_nan: 509)
2026-08-27 20:59:02,231 [INFO] > Spalte 'autor': 1741 Änderungen (whitespaces: 1, invalid_to_nan: 1740)
2026-08-27 20:59:02,231 [INFO] > Spalte 'opis': 2840 Änderungen (linebreaks: 587, excel_artifacts: 27, whitespaces: 2224, placeholders: 1, invalid_to_nan: 1)
2026-08-27 20:59:02,232 [INFO] --- Globale Fehlerzusammenfassung ---
2026-08-27 20:59:02,232 [INFO] > Zeilenumbrüche entfernt: 587
2026-08-27 20:59:02,233 [INFO] > Excel-Artefakte entfernt: 27
2026-08-27 20:59:02,233 [INFO] > Whitespace-Korrekturen: 2274
2026-08-27 20:59:02,234 [INFO] > Platzhalter entfernt: 7462
2026-08-27 20:59:02,234 [INFO] > Ungültige Texte zu NaN konvertiert: 9711
2026-08-27 20:59:02,235 [INFO] Gesamtanzahl behobener Anomalien über alle Spalten: 20061
2026-08-27 21:01:50,805 [INFO] STARTE ANALYSE & BEREINIGUNG FÜR: 2026-08-26_geoportalnipp_rkd.parquet
2026-08-27 21:01:50,872 [INFO] Schritt 1: Detaillierter Text-Clean gestartet...
2026-08-27 21:01:51,095 [INFO] --- Fehlerstatistik pro Spalte ---
2026-08-27 21:01:51,096 [INFO] > Spalte 'naziv': 38 Änderungen (whitespaces: 38)
2026-08-27 21:01:51,097 [INFO] > Spalte 'adresa': 7 Änderungen (whitespaces: 7)
2026-08-27 21:01:51,097 [INFO] > Spalte 'registarki_broj_n': 14922 Änderungen (placeholders: 7461, invalid_to_nan: 7461)
2026-08-27 21:01:51,097 [INFO] > Spalte 'datacija': 513 Änderungen (whitespaces: 4, invalid_to_nan: 509)
2026-08-27 21:01:51,098 [INFO] > Spalte 'autor': 1741 Änderungen (whitespaces: 1, invalid_to_nan: 1740)
2026-08-27 21:01:51,098 [INFO] > Spalte 'opis': 2840 Änderungen (linebreaks: 587, excel_artifacts: 27, whitespaces: 2224, placeholders: 1, invalid_to_nan: 1)
2026-08-27 21:01:51,098 [INFO] --- Globale Fehlerzusammenfassung ---
2026-08-27 21:01:51,099 [INFO] > Zeilenumbrüche entfernt: 587
2026-08-27 21:01:51,099 [INFO] > Excel-Artefakte entfernt: 27
2026-08-27 21:01:51,099 [INFO] > Whitespace-Korrekturen: 2274
2026-08-27 21:01:51,100 [INFO] > Platzhalter entfernt: 7462
2026-08-27 21:01:51,100 [INFO] > Ungültige Texte zu NaN konvertiert: 9711
2026-08-27 21:01:51,100 [INFO] Gesamtanzahl behobener Anomalien über alle Spalten: 20061
2026-08-27 21:07:20,665 [INFO] STARTE ANALYSE & BEREINIGUNG FÜR: 2026-08-26_geoportalnipp_rkd.parquet
2026-08-27 21:07:20,733 [INFO] Schritt 1: Detaillierter Text-Clean gestartet...
2026-08-27 21:07:20,958 [INFO] --- Fehlerstatistik pro Spalte ---
2026-08-27 21:07:20,959 [INFO] > Spalte 'naziv': 38 Änderungen (whitespaces: 38)
2026-08-27 21:07:20,959 [INFO] > Spalte 'adresa': 7 Änderungen (whitespaces: 7)
2026-08-27 21:07:20,960 [INFO] > Spalte 'registarki_broj_n': 14922 Änderungen (placeholders: 7461, invalid_to_nan: 7461)
2026-08-27 21:07:20,960 [INFO] > Spalte 'datacija': 513 Änderungen (whitespaces: 4, invalid_to_nan: 509)
2026-08-27 21:07:20,961 [INFO] > Spalte 'autor': 1741 Änderungen (whitespaces: 1, invalid_to_nan: 1740)
2026-08-27 21:07:20,961 [INFO] > Spalte 'opis': 2840 Änderungen (linebreaks: 587, excel_artifacts: 27, whitespaces: 2224, placeholders: 1, invalid_to_nan: 1)
2026-08-27 21:07:20,962 [INFO] --- Globale Fehlerzusammenfassung ---
2026-08-27 21:07:20,962 [INFO] > Zeilenumbrüche entfernt: 587
2026-08-27 21:07:20,963 [INFO] > Excel-Artefakte entfernt: 27
2026-08-27 21:07:20,963 [INFO] > Whitespace-Korrekturen: 2274
2026-08-27 21:07:20,963 [INFO] > Platzhalter entfernt: 7462
2026-08-27 21:07:20,964 [INFO] > Ungültige Texte zu NaN konvertiert: 9711
2026-08-27 21:07:20,964 [INFO] Gesamtanzahl behobener Anomalien über alle Spalten: 20061
2026-08-27 21:08:54,222 [INFO] STARTE ANALYSE & BEREINIGUNG FÜR: 2026-08-26_geoportalnipp_rkd.parquet
2026-08-27 21:08:54,261 [INFO] Schritt 1: Detaillierter Text-Clean gestartet...
2026-08-27 21:08:54,498 [INFO] --- Fehlerstatistik pro Spalte ---
2026-08-27 21:08:54,499 [INFO] > Spalte 'naziv': 38 Änderungen (whitespaces: 38)
2026-08-27 21:08:54,500 [INFO] > Spalte 'adresa': 7 Änderungen (whitespaces: 7)
2026-08-27 21:08:54,500 [INFO] > Spalte 'registarki_broj_n': 14922 Änderungen (placeholders: 7461, invalid_to_nan: 7461)
2026-08-27 21:08:54,500 [INFO] > Spalte 'datacija': 513 Änderungen (whitespaces: 4, invalid_to_nan: 509)
2026-08-27 21:08:54,501 [INFO] > Spalte 'autor': 1741 Änderungen (whitespaces: 1, invalid_to_nan: 1740)
2026-08-27 21:08:54,501 [INFO] > Spalte 'opis': 2840 Änderungen (linebreaks: 587, excel_artifacts: 27, whitespaces: 2224, placeholders: 1, invalid_to_nan: 1)
2026-08-27 21:08:54,501 [INFO] --- Globale Fehlerzusammenfassung ---
2026-08-27 21:08:54,502 [INFO] > Zeilenumbrüche entfernt: 587
2026-08-27 21:08:54,503 [INFO] > Excel-Artefakte entfernt: 27
2026-08-27 21:08:54,503 [INFO] > Whitespace-Korrekturen: 2274
2026-08-27 21:08:54,504 [INFO] > Platzhalter entfernt: 7462
2026-08-27 21:08:54,504 [INFO] > Ungültige Texte zu NaN konvertiert: 9711
2026-08-27 21:08:54,505 [INFO] Gesamtanzahl behobener Anomalien über alle Spalten: 20061
2026-08-27 21:10:41,280 [INFO] STARTE ANALYSE & BEREINIGUNG FÜR: 2026-08-26_geoportalnipp_rkd.parquet
2026-08-27 21:10:41,317 [INFO] Schritt 1: Detaillierter Text-Clean gestartet...
2026-08-27 21:10:41,570 [INFO] --- Fehlerstatistik pro Spalte ---
2026-08-27 21:10:41,571 [INFO] > Spalte 'naziv': 38 Änderungen (whitespaces: 38)
2026-08-27 21:10:41,571 [INFO] > Spalte 'adresa': 7 Änderungen (whitespaces: 7)
2026-08-27 21:10:41,572 [INFO] > Spalte 'registarki_broj_n': 14922 Änderungen (placeholders: 7461, invalid_to_nan: 7461)
2026-08-27 21:10:41,572 [INFO] > Spalte 'datacija': 513 Änderungen (whitespaces: 4, invalid_to_nan: 509)
2026-08-27 21:10:41,573 [INFO] > Spalte 'autor': 1741 Änderungen (whitespaces: 1, invalid_to_nan: 1740)
2026-08-27 21:10:41,573 [INFO] > Spalte 'opis': 2840 Änderungen (linebreaks: 587, excel_artifacts: 27, whitespaces: 2224, placeholders: 1, invalid_to_nan: 1)
2026-08-27 21:10:41,574 [INFO] --- Globale Fehlerzusammenfassung ---
2026-08-27 21:10:41,575 [INFO] > Zeilenumbrüche entfernt: 587
2026-08-27 21:10:41,575 [INFO] > Excel-Artefakte entfernt: 27
2026-08-27 21:10:41,576 [INFO] > Whitespace-Korrekturen: 2274
2026-08-27 21:10:41,576 [INFO] > Platzhalter entfernt: 7462
2026-08-27 21:10:41,577 [INFO] > Ungültige Texte zu NaN konvertiert: 9711
2026-08-27 21:10:41,577 [INFO] Gesamtanzahl behobener Anomalien über alle Spalten: 20061
2026-08-27 21:12:22,042 [INFO] STARTE ANALYSE & BEREINIGUNG FÜR: 2026-08-26_geoportalnipp_rkd.parquet
2026-08-27 21:12:22,078 [INFO] Schritt 1: Detaillierter Text-Clean gestartet...
2026-08-27 21:12:22,304 [INFO] --- Fehlerstatistik pro Spalte ---
2026-08-27 21:12:22,305 [INFO] > Spalte 'naziv': 38 Änderungen (whitespaces: 38)
2026-08-27 21:12:22,305 [INFO] > Spalte 'adresa': 7 Änderungen (whitespaces: 7)
2026-08-27 21:12:22,306 [INFO] > Spalte 'registarki_broj_n': 14922 Änderungen (placeholders: 7461, invalid_to_nan: 7461)
2026-08-27 21:12:22,307 [INFO] > Spalte 'datacija': 513 Änderungen (whitespaces: 4, invalid_to_nan: 509)
2026-08-27 21:12:22,307 [INFO] > Spalte 'autor': 1741 Änderungen (whitespaces: 1, invalid_to_nan: 1740)
2026-08-27 21:12:22,308 [INFO] > Spalte 'opis': 2840 Änderungen (linebreaks: 587, excel_artifacts: 27, whitespaces: 2224, placeholders: 1, invalid_to_nan: 1)
2026-08-27 21:12:22,308 [INFO] --- Globale Fehlerzusammenfassung ---
2026-08-27 21:12:22,309 [INFO] > Zeilenumbrüche entfernt: 587
2026-08-27 21:12:22,309 [INFO] > Excel-Artefakte entfernt: 27
2026-08-27 21:12:22,310 [INFO] > Whitespace-Korrekturen: 2274
2026-08-27 21:12:22,310 [INFO] > Platzhalter entfernt: 7462
2026-08-27 21:12:22,311 [INFO] > Ungültige Texte zu NaN konvertiert: 9711
2026-08-27 21:12:22,311 [INFO] Gesamtanzahl behobener Anomalien über alle Spalten: 20061
2026-08-27 21:14:13,578 [INFO] STARTE ANALYSE & BEREINIGUNG FÜR: 2026-08-26_geoportalnipp_rkd.parquet
2026-08-27 21:14:13,615 [INFO] Schritt 1: Detaillierter Text-Clean gestartet...
2026-08-27 21:14:13,840 [INFO] --- Fehlerstatistik pro Spalte ---
2026-08-27 21:14:13,841 [INFO] > Spalte 'naziv': 38 Änderungen (whitespaces: 38)
2026-08-27 21:14:13,842 [INFO] > Spalte 'adresa': 7 Änderungen (whitespaces: 7)
2026-08-27 21:14:13,842 [INFO] > Spalte 'registarki_broj_n': 14922 Änderungen (placeholders: 7461, invalid_to_nan: 7461)
2026-08-27 21:14:13,843 [INFO] > Spalte 'datacija': 513 Änderungen (whitespaces: 4, invalid_to_nan: 509)
2026-08-27 21:14:13,843 [INFO] > Spalte 'autor': 1741 Änderungen (whitespaces: 1, invalid_to_nan: 1740)
2026-08-27 21:14:13,843 [INFO] > Spalte 'opis': 2840 Änderungen (linebreaks: 587, excel_artifacts: 27, whitespaces: 2224, placeholders: 1, invalid_to_nan: 1)
2026-08-27 21:14:13,844 [INFO] --- Globale Fehlerzusammenfassung ---
2026-08-27 21:14:13,844 [INFO] > Zeilenumbrüche entfernt: 587
2026-08-27 21:14:13,845 [INFO] > Excel-Artefakte entfernt: 27
2026-08-27 21:14:13,845 [INFO] > Whitespace-Korrekturen: 2274
2026-08-27 21:14:13,845 [INFO] > Platzhalter entfernt: 7462
2026-08-27 21:14:13,846 [INFO] > Ungültige Texte zu NaN konvertiert: 9711
2026-08-27 21:14:13,846 [INFO] Gesamtanzahl behobener Anomalien über alle Spalten: 20061
2026-08-27 21:16:12,845 [INFO] STARTE ANALYSE & BEREINIGUNG FÜR: 2026-08-26_geoportalnipp_rkd.parquet
2026-08-27 21:16:12,881 [INFO] Schritt 1: Detaillierter Text-Clean gestartet...
2026-08-27 21:16:13,114 [INFO] --- Fehlerstatistik pro Spalte ---
2026-08-27 21:16:13,115 [INFO] > Spalte 'naziv': 38 Änderungen (whitespaces: 38)
2026-08-27 21:16:13,115 [INFO] > Spalte 'adresa': 7 Änderungen (whitespaces: 7)
2026-08-27 21:16:13,116 [INFO] > Spalte 'registarki_broj_n': 14922 Änderungen (placeholders: 7461, invalid_to_nan: 7461)
2026-08-27 21:16:13,117 [INFO] > Spalte 'datacija': 513 Änderungen (whitespaces: 4, invalid_to_nan: 509)
2026-08-27 21:16:13,117 [INFO] > Spalte 'autor': 1741 Änderungen (whitespaces: 1, invalid_to_nan: 1740)
2026-08-27 21:16:13,118 [INFO] > Spalte 'opis': 2840 Änderungen (linebreaks: 587, excel_artifacts: 27, whitespaces: 2224, placeholders: 1, invalid_to_nan: 1)
2026-08-27 21:16:13,118 [INFO] --- Globale Fehlerzusammenfassung ---
2026-08-27 21:16:13,119 [INFO] > Zeilenumbrüche entfernt: 587
2026-08-27 21:16:13,119 [INFO] > Excel-Artefakte entfernt: 27
2026-08-27 21:16:13,120 [INFO] > Whitespace-Korrekturen: 2274
2026-08-27 21:16:13,120 [INFO] > Platzhalter entfernt: 7462
2026-08-27 21:16:13,121 [INFO] > Ungültige Texte zu NaN konvertiert: 9711
2026-08-27 21:16:13,121 [INFO] Gesamtanzahl behobener Anomalien über alle Spalten: 20061
2026-08-27 21:19:17,277 [INFO] STARTE ANALYSE & BEREINIGUNG FÜR: 2026-08-26_geoportalnipp_rkd.parquet
2026-08-27 21:19:17,314 [INFO] Schritt 1: Detaillierter Text-Clean gestartet...
2026-08-27 21:19:17,584 [INFO] --- Fehlerstatistik pro Spalte ---
2026-08-27 21:19:17,584 [INFO] > Spalte 'naziv': 38 Änderungen (whitespaces: 38)
2026-08-27 21:19:17,585 [INFO] > Spalte 'adresa': 7 Änderungen (whitespaces: 7)
2026-08-27 21:19:17,586 [INFO] > Spalte 'registarki_broj_n': 14922 Änderungen (placeholders: 7461, invalid_to_nan: 7461)
2026-08-27 21:19:17,586 [INFO] > Spalte 'datacija': 513 Änderungen (whitespaces: 4, invalid_to_nan: 509)
2026-08-27 21:19:17,587 [INFO] > Spalte 'autor': 1741 Änderungen (whitespaces: 1, invalid_to_nan: 1740)
2026-08-27 21:19:17,587 [INFO] > Spalte 'opis': 2840 Änderungen (linebreaks: 587, excel_artifacts: 27, whitespaces: 2224, placeholders: 1, invalid_to_nan: 1)
2026-08-27 21:19:17,588 [INFO] --- Globale Fehlerzusammenfassung ---
2026-08-27 21:19:17,588 [INFO] > Zeilenumbrüche entfernt: 587
2026-08-27 21:19:17,589 [INFO] > Excel-Artefakte entfernt: 27
2026-08-27 21:19:17,590 [INFO] > Whitespace-Korrekturen: 2274
2026-08-27 21:19:17,590 [INFO] > Platzhalter entfernt: 7462
2026-08-27 21:19:17,591 [INFO] > Ungültige Texte zu NaN konvertiert: 9711
2026-08-27 21:19:17,591 [INFO] Gesamtanzahl behobener Anomalien über alle Spalten: 20061
2026-08-27 21:19:36,348 [INFO] STARTE ANALYSE & BEREINIGUNG FÜR: 2026-08-26_geoportalnipp_rkd.parquet
2026-08-27 21:19:36,382 [INFO] Schritt 1: Detaillierter Text-Clean gestartet...
2026-08-27 21:19:36,614 [INFO] --- Fehlerstatistik pro Spalte ---
2026-08-27 21:19:36,614 [INFO] > Spalte 'naziv': 38 Änderungen (whitespaces: 38)
2026-08-27 21:19:36,615 [INFO] > Spalte 'adresa': 7 Änderungen (whitespaces: 7)
2026-08-27 21:19:36,616 [INFO] > Spalte 'registarki_broj_n': 14922 Änderungen (placeholders: 7461, invalid_to_nan: 7461)
2026-08-27 21:19:36,616 [INFO] > Spalte 'datacija': 513 Änderungen (whitespaces: 4, invalid_to_nan: 509)
2026-08-27 21:19:36,617 [INFO] > Spalte 'autor': 1741 Änderungen (whitespaces: 1, invalid_to_nan: 1740)
2026-08-27 21:19:36,617 [INFO] > Spalte 'opis': 2840 Änderungen (linebreaks: 587, excel_artifacts: 27, whitespaces: 2224, placeholders: 1, invalid_to_nan: 1)
2026-08-27 21:19:36,618 [INFO] --- Globale Fehlerzusammenfassung ---
2026-08-27 21:19:36,618 [INFO] > Zeilenumbrüche entfernt: 587
2026-08-27 21:19:36,619 [INFO] > Excel-Artefakte entfernt: 27
2026-08-27 21:19:36,619 [INFO] > Whitespace-Korrekturen: 2274
2026-08-27 21:19:36,619 [INFO] > Platzhalter entfernt: 7462
2026-08-27 21:19:36,620 [INFO] > Ungültige Texte zu NaN konvertiert: 9711
2026-08-27 21:19:36,620 [INFO] Gesamtanzahl behobener Anomalien über alle Spalten: 20061
2026-08-27 21:21:55,935 [INFO] STARTE ANALYSE & BEREINIGUNG FÜR: 2026-08-26_geoportalnipp_rkd.parquet
2026-08-27 21:21:55,971 [INFO] Schritt 1: Detaillierter Text-Clean gestartet...
2026-08-27 21:21:56,207 [INFO] --- Fehlerstatistik pro Spalte ---
2026-08-27 21:21:56,208 [INFO] > Spalte 'naziv': 38 Änderungen (whitespaces: 38)
2026-08-27 21:21:56,208 [INFO] > Spalte 'adresa': 7 Änderungen (whitespaces: 7)
2026-08-27 21:21:56,209 [INFO] > Spalte 'registarki_broj_n': 14922 Änderungen (placeholders: 7461, invalid_to_nan: 7461)
2026-08-27 21:21:56,209 [INFO] > Spalte 'datacija': 513 Änderungen (whitespaces: 4, invalid_to_nan: 509)
2026-08-27 21:21:56,210 [INFO] > Spalte 'autor': 1741 Änderungen (whitespaces: 1, invalid_to_nan: 1740)
2026-08-27 21:21:56,210 [INFO] > Spalte 'opis': 2840 Änderungen (linebreaks: 587, excel_artifacts: 27, whitespaces: 2224, placeholders: 1, invalid_to_nan: 1)
2026-08-27 21:21:56,211 [INFO] --- Globale Fehlerzusammenfassung ---
2026-08-27 21:21:56,211 [INFO] > Zeilenumbrüche entfernt: 587
2026-08-27 21:21:56,212 [INFO] > Excel-Artefakte entfernt: 27
2026-08-27 21:21:56,212 [INFO] > Whitespace-Korrekturen: 2274
2026-08-27 21:21:56,213 [INFO] > Platzhalter entfernt: 7462
2026-08-27 21:21:56,213 [INFO] > Ungültige Texte zu NaN konvertiert: 9711
2026-08-27 21:21:56,214 [INFO] Gesamtanzahl behobener Anomalien über alle Spalten: 20061
2026-08-27 21:24:44,224 [INFO] STARTE ANALYSE & BEREINIGUNG FÜR: 2026-08-26_geoportalnipp_rkd.parquet
2026-08-27 21:24:44,259 [INFO] Schritt 1: Detaillierter Text-Clean gestartet...
2026-08-27 21:24:44,512 [INFO] --- Fehlerstatistik pro Spalte ---
2026-08-27 21:24:44,513 [INFO] > Spalte 'naziv': 38 Änderungen (whitespaces: 38)
2026-08-27 21:24:44,513 [INFO] > Spalte 'adresa': 7 Änderungen (whitespaces: 7)
2026-08-27 21:24:44,514 [INFO] > Spalte 'registarki_broj_n': 14922 Änderungen (placeholders: 7461, invalid_to_nan: 7461)
2026-08-27 21:24:44,514 [INFO] > Spalte 'datacija': 513 Änderungen (whitespaces: 4, invalid_to_nan: 509)
2026-08-27 21:24:44,515 [INFO] > Spalte 'autor': 1741 Änderungen (whitespaces: 1, invalid_to_nan: 1740)
2026-08-27 21:24:44,516 [INFO] > Spalte 'opis': 2840 Änderungen (linebreaks: 587, excel_artifacts: 27, whitespaces: 2224, placeholders: 1, invalid_to_nan: 1)
2026-08-27 21:24:44,516 [INFO] --- Globale Fehlerzusammenfassung ---
2026-08-27 21:24:44,517 [INFO] > Zeilenumbrüche entfernt: 587
2026-08-27 21:24:44,517 [INFO] > Excel-Artefakte entfernt: 27
2026-08-27 21:24:44,518 [INFO] > Whitespace-Korrekturen: 2274
2026-08-27 21:24:44,518 [INFO] > Platzhalter entfernt: 7462
2026-08-27 21:24:44,519 [INFO] > Ungültige Texte zu NaN konvertiert: 9711
2026-08-27 21:24:44,520 [INFO] Gesamtanzahl behobener Anomalien über alle Spalten: 20061
2026-08-27 21:39:45,644 [INFO] STARTE ANALYSE & BEREINIGUNG FÜR: 2026-08-26_geoportalnipp_rkd.parquet
2026-08-27 21:40:07,612 [INFO] Schritt 1: Detaillierter Text-Clean gestartet...
2026-08-27 21:40:07,837 [INFO] --- Fehlerstatistik pro Spalte ---
2026-08-27 21:40:07,837 [INFO] > Spalte 'naziv': 38 Änderungen (whitespaces: 38)
2026-08-27 21:40:07,838 [INFO] > Spalte 'adresa': 7 Änderungen (whitespaces: 7)
2026-08-27 21:40:07,839 [INFO] > Spalte 'registarki_broj_n': 14922 Änderungen (placeholders: 7461, invalid_to_nan: 7461)
2026-08-27 21:40:07,839 [INFO] > Spalte 'datacija': 513 Änderungen (whitespaces: 4, invalid_to_nan: 509)
2026-08-27 21:40:07,840 [INFO] > Spalte 'autor': 1741 Änderungen (whitespaces: 1, invalid_to_nan: 1740)
2026-08-27 21:40:07,840 [INFO] > Spalte 'opis': 2840 Änderungen (linebreaks: 587, excel_artifacts: 27, whitespaces: 2224, placeholders: 1, invalid_to_nan: 1)
2026-08-27 21:40:07,841 [INFO] --- Globale Fehlerzusammenfassung ---
2026-08-27 21:40:07,841 [INFO] > Zeilenumbrüche entfernt: 587
2026-08-27 21:40:07,842 [INFO] > Excel-Artefakte entfernt: 27
2026-08-27 21:40:07,842 [INFO] > Whitespace-Korrekturen: 2274
2026-08-27 21:40:07,843 [INFO] > Platzhalter entfernt: 7462
2026-08-27 21:40:07,843 [INFO] > Ungültige Texte zu NaN konvertiert: 9711
2026-08-27 21:40:07,844 [INFO] Gesamtanzahl behobener Anomalien über alle Spalten: 20061
2026-08-27 21:42:54,831 [INFO] METADATEN DER URSPRUNGSDATEI
2026-08-27 21:42:54,832 [INFO] Format: GeoParquet (.parquet)
2026-08-27 21:42:54,832 [INFO] Dimensionen: 7517 Zeilen, 15 Spalten
2026-08-27 21:42:54,833 [INFO] Koordinatensystem (CRS): {"$schema": "https://proj.org/schemas/v0.7/projjson.schema.json", "type": "ProjectedCRS", "name": "HTRS96 / Croatia TM", "base_crs": {"name": "HTRS96", "datum": {"type": "GeodeticReferenceFrame", "name": "Croatian Terrestrial Reference System", "ellipsoid": {"name": "GRS 1980", "semi_major_axis": 6378137, "inverse_flattening": 298.257222101}}, "coordinate_system": {"subtype": "ellipsoidal", "axis": [{"name": "Geodetic latitude", "abbreviation": "Lat", "direction": "north", "unit": "degree"}, {"name": "Geodetic longitude", "abbreviation": "Lon", "direction": "east", "unit": "degree"}]}, "id": {"authority": "EPSG", "code": 4761}}, "conversion": {"name": "Croatia Transverse Mercator", "method": {"name": "Transverse Mercator", "id": {"authority": "EPSG", "code": 9807}}, "parameters": [{"name": "Latitude of natural origin", "value": 0, "unit": "degree", "id": {"authority": "EPSG", "code": 8801}}, {"name": "Longitude of natural origin", "value": 16.5, "unit": "degree", "id": {"authority": "EPSG", "code": 8802}}, {"name": "Scale factor at natural origin", "value": 0.9999, "unit": "unity", "id": {"authority": "EPSG", "code": 8805}}, {"name": "False easting", "value": 500000, "unit": "metre", "id": {"authority": "EPSG", "code": 8806}}, {"name": "False northing", "value": 0, "unit": "metre", "id": {"authority": "EPSG", "code": 8807}}]}, "coordinate_system": {"subtype": "Cartesian", "axis": [{"name": "Easting", "abbreviation": "E", "direction": "east", "unit": "metre"}, {"name": "Northing", "abbreviation": "N", "direction": "north", "unit": "metre"}]}, "scope": "Cadastre, engineering survey, topographic mapping (large scale).", "area": "Croatia - onshore.", "bbox": {"south_latitude": 42.34, "west_longitude": 13.43, "north_latitude": 46.54, "east_longitude": 19.43}, "id": {"authority": "EPSG", "code": 3765}}

2026-08-27 21:42:54,834 [INFO] STARTEN DER BEREINIGUNGSPIPELINE
2026-08-27 21:42:54,835 [INFO] Schritt 1: Detaillierter Text-Clean gestartet...
2026-08-27 21:42:55,057 [INFO] --- Fehlerstatistik pro Spalte ---
2026-08-27 21:42:55,058 [INFO] > Spalte 'naziv': 38 Änderungen (whitespaces: 38)
2026-08-27 21:42:55,059 [INFO] > Spalte 'adresa': 7 Änderungen (whitespaces: 7)
2026-08-27 21:42:55,059 [INFO] > Spalte 'registarki_broj_n': 14922 Änderungen (placeholders: 7461, invalid_to_nan: 7461)
2026-08-27 21:42:55,060 [INFO] > Spalte 'datacija': 513 Änderungen (whitespaces: 4, invalid_to_nan: 509)
2026-08-27 21:42:55,060 [INFO] > Spalte 'autor': 1741 Änderungen (whitespaces: 1, invalid_to_nan: 1740)
2026-08-27 21:42:55,061 [INFO] > Spalte 'opis': 2840 Änderungen (linebreaks: 587, excel_artifacts: 27, whitespaces: 2224, placeholders: 1, invalid_to_nan: 1)
2026-08-27 21:42:55,061 [INFO] --- Globale Fehlerzusammenfassung ---
2026-08-27 21:42:55,062 [INFO] > Zeilenumbrüche entfernt: 587
2026-08-27 21:42:55,062 [INFO] > Excel-Artefakte entfernt: 27
2026-08-27 21:42:55,063 [INFO] > Whitespace-Korrekturen: 2274
2026-08-27 21:42:55,063 [INFO] > Platzhalter entfernt: 7462
2026-08-27 21:42:55,064 [INFO] > Ungültige Texte zu NaN konvertiert: 9711
2026-08-27 21:42:55,064 [INFO] Gesamtanzahl behobener Anomalien über alle Spalten: 20061
2026-08-27 21:42:55,065 [INFO] Schritt 2: Bereinige Spalte 'grad'...
2026-08-27 21:42:55,073 [INFO] Spalte 'grad': 7464 Werte erfolgreich standardisiert.
2026-08-27 21:42:55,074 [INFO] Schritt 3: Entferne Spalte 'adresa' vollständig...
2026-08-27 21:42:55,076 [INFO] Spalte 'adresa' wurde erfolgreich gelöscht.
2026-08-27 21:42:55,076 [INFO] Schritt: Passe Spalte 'vrsta' an das offizielle Webregister an...
2026-08-27 21:42:55,080 [INFO] Spalte 'vrsta': 7517 Datensätze auf Register-Namen aktualisiert.
2026-08-27 21:42:55,082 [INFO] Schritt: Wert in 'klasifikacija' angepasst. 'kopneno-podvodno arheološko nalazište' -> 'kopneno/podvodno arheološka zona/nalazište' (1 Feld(er) korrigiert).
2026-08-27 21:42:55,083 [INFO] Schritt 2: Extraktion von 'register_artefacts' aus 'registarski_broj'...
2026-08-27 21:42:55,095 [INFO] Spalte 'registarski_broj': 469 Werte aufgeteilt und Reste nach 'register_artefacts' verschoben.
2026-08-27 21:42:55,096 [WARNING] Spalte 'registarski_broj': 3 Zeilen entsprachen nicht dem erwarteten Format (Buchstaben-Zahlen) und wurden übersprungen. Betroffene Werte: ['RRI 381-1975', 'ZDU_191', 'RRI 380-1975']
2026-08-27 21:42:55,098 [WARNING] Spalte 'register_artefacts': 8 extrahierte Artefakte sind KEINE exakt 4-stellige Zahl (Jahresangabe). Bereinigte Fehlerwerte: ['73', '1973. OD 9.5. 1973', '1973. od 9.5.1973', '1973. od 16.1. 1973', ', Bg-171/1-78', '/2-76', '24-65'] | Aus Originaleinträgen: ['ROS-442', 'ROS-0405', 'ROSROS-0404', 'ROS-0352', 'RRI-0427', 'KB-174', 'ZST-148']
2026-08-27 21:42:55,098 [INFO] Extraktion von 'register_artefacts' beendet.
2026-08-27 21:42:55,099 [INFO] Manuelle Korrektur spezieller Register-Fehler...
2026-08-27 21:43:18,489 [INFO] METADATEN DER URSPRUNGSDATEI
2026-08-27 21:43:18,490 [INFO] Format: GeoParquet (.parquet)
2026-08-27 21:43:18,491 [INFO] Dimensionen: 7517 Zeilen, 15 Spalten
2026-08-27 21:43:18,491 [INFO] Koordinatensystem (CRS): {"$schema": "https://proj.org/schemas/v0.7/projjson.schema.json", "type": "ProjectedCRS", "name": "HTRS96 / Croatia TM", "base_crs": {"name": "HTRS96", "datum": {"type": "GeodeticReferenceFrame", "name": "Croatian Terrestrial Reference System", "ellipsoid": {"name": "GRS 1980", "semi_major_axis": 6378137, "inverse_flattening": 298.257222101}}, "coordinate_system": {"subtype": "ellipsoidal", "axis": [{"name": "Geodetic latitude", "abbreviation": "Lat", "direction": "north", "unit": "degree"}, {"name": "Geodetic longitude", "abbreviation": "Lon", "direction": "east", "unit": "degree"}]}, "id": {"authority": "EPSG", "code": 4761}}, "conversion": {"name": "Croatia Transverse Mercator", "method": {"name": "Transverse Mercator", "id": {"authority": "EPSG", "code": 9807}}, "parameters": [{"name": "Latitude of natural origin", "value": 0, "unit": "degree", "id": {"authority": "EPSG", "code": 8801}}, {"name": "Longitude of natural origin", "value": 16.5, "unit": "degree", "id": {"authority": "EPSG", "code": 8802}}, {"name": "Scale factor at natural origin", "value": 0.9999, "unit": "unity", "id": {"authority": "EPSG", "code": 8805}}, {"name": "False easting", "value": 500000, "unit": "metre", "id": {"authority": "EPSG", "code": 8806}}, {"name": "False northing", "value": 0, "unit": "metre", "id": {"authority": "EPSG", "code": 8807}}]}, "coordinate_system": {"subtype": "Cartesian", "axis": [{"name": "Easting", "abbreviation": "E", "direction": "east", "unit": "metre"}, {"name": "Northing", "abbreviation": "N", "direction": "north", "unit": "metre"}]}, "scope": "Cadastre, engineering survey, topographic mapping (large scale).", "area": "Croatia - onshore.", "bbox": {"south_latitude": 42.34, "west_longitude": 13.43, "north_latitude": 46.54, "east_longitude": 19.43}, "id": {"authority": "EPSG", "code": 3765}}

2026-08-27 21:43:18,492 [INFO] STARTEN DER BEREINIGUNGSPIPELINE
2026-08-27 21:43:18,493 [INFO] Schritt 1: Detaillierter Text-Clean gestartet...
2026-08-27 21:43:18,722 [INFO] --- Fehlerstatistik pro Spalte ---
2026-08-27 21:43:18,722 [INFO] > Spalte 'naziv': 38 Änderungen (whitespaces: 38)
2026-08-27 21:43:18,723 [INFO] > Spalte 'adresa': 7 Änderungen (whitespaces: 7)
2026-08-27 21:43:18,723 [INFO] > Spalte 'registarki_broj_n': 14922 Änderungen (placeholders: 7461, invalid_to_nan: 7461)
2026-08-27 21:43:18,724 [INFO] > Spalte 'datacija': 513 Änderungen (whitespaces: 4, invalid_to_nan: 509)
2026-08-27 21:43:18,725 [INFO] > Spalte 'autor': 1741 Änderungen (whitespaces: 1, invalid_to_nan: 1740)
2026-08-27 21:43:18,725 [INFO] > Spalte 'opis': 2840 Änderungen (linebreaks: 587, excel_artifacts: 27, whitespaces: 2224, placeholders: 1, invalid_to_nan: 1)
2026-08-27 21:43:18,725 [INFO] --- Globale Fehlerzusammenfassung ---
2026-08-27 21:43:18,726 [INFO] > Zeilenumbrüche entfernt: 587
2026-08-27 21:43:18,726 [INFO] > Excel-Artefakte entfernt: 27
2026-08-27 21:43:18,727 [INFO] > Whitespace-Korrekturen: 2274
2026-08-27 21:43:18,727 [INFO] > Platzhalter entfernt: 7462
2026-08-27 21:43:18,728 [INFO] > Ungültige Texte zu NaN konvertiert: 9711
2026-08-27 21:43:18,728 [INFO] Gesamtanzahl behobener Anomalien über alle Spalten: 20061
2026-08-27 21:43:18,729 [INFO] Schritt 2: Bereinige Spalte 'grad'...
2026-08-27 21:43:18,737 [INFO] Spalte 'grad': 7464 Werte erfolgreich standardisiert.
2026-08-27 21:43:18,738 [INFO] Schritt 3: Entferne Spalte 'adresa' vollständig...
2026-08-27 21:43:18,739 [INFO] Spalte 'adresa' wurde erfolgreich gelöscht.
2026-08-27 21:43:18,740 [INFO] Schritt: Passe Spalte 'vrsta' an das offizielle Webregister an...
2026-08-27 21:43:18,743 [INFO] Spalte 'vrsta': 7517 Datensätze auf Register-Namen aktualisiert.
2026-08-27 21:43:18,745 [INFO] Schritt: Wert in 'klasifikacija' angepasst. 'kopneno-podvodno arheološko nalazište' -> 'kopneno/podvodno arheološka zona/nalazište' (1 Feld(er) korrigiert).
2026-08-27 21:43:18,745 [INFO] Schritt 2: Extraktion von 'register_artefacts' aus 'registarski_broj'...
2026-08-27 21:43:18,757 [INFO] Spalte 'registarski_broj': 469 Werte aufgeteilt und Reste nach 'register_artefacts' verschoben.
2026-08-27 21:43:18,759 [WARNING] Spalte 'registarski_broj': 3 Zeilen entsprachen nicht dem erwarteten Format (Buchstaben-Zahlen) und wurden übersprungen. Betroffene Werte: ['RRI 381-1975', 'ZDU_191', 'RRI 380-1975']
2026-08-27 21:43:18,760 [WARNING] Spalte 'register_artefacts': 8 extrahierte Artefakte sind KEINE exakt 4-stellige Zahl (Jahresangabe). Bereinigte Fehlerwerte: ['73', '1973. OD 9.5. 1973', '1973. od 9.5.1973', '1973. od 16.1. 1973', ', Bg-171/1-78', '/2-76', '24-65'] | Aus Originaleinträgen: ['ROS-442', 'ROS-0405', 'ROSROS-0404', 'ROS-0352', 'RRI-0427', 'KB-174', 'ZST-148']
2026-08-27 21:43:18,761 [INFO] Extraktion von 'register_artefacts' beendet.
2026-08-27 21:43:18,761 [INFO] Manuelle Korrektur spezieller Register-Fehler...
2026-08-27 21:43:34,853 [INFO] BEREINIGUNG UND ANALYSE ABGESCHLOSSEN
2026-08-27 21:43:34,854 [INFO] Neue Dimensionen: 7517 Zeilen, 15 Spalten
2026-08-27 21:43:34,854 [INFO] Speichere bereinigte Daten unter: cleaned_2026-08-26_geoportalnipp_rkd.parquet
2026-08-27 21:43:34,944 [INFO] Speichern erfolgreich. Daten und Logfile in: c:\Users\sonja\Projekte\croatia-cultural-goods-analysis\data\interim

2026-08-27 21:48:32,650 [INFO] METADATEN DER URSPRUNGSDATEI
2026-08-27 21:48:32,651 [INFO] Format: GeoParquet (.parquet)
2026-08-27 21:48:32,651 [INFO] Dimensionen: 7517 Zeilen, 15 Spalten
2026-08-27 21:48:32,652 [INFO] Koordinatensystem (CRS): {"$schema": "https://proj.org/schemas/v0.7/projjson.schema.json", "type": "ProjectedCRS", "name": "HTRS96 / Croatia TM", "base_crs": {"name": "HTRS96", "datum": {"type": "GeodeticReferenceFrame", "name": "Croatian Terrestrial Reference System", "ellipsoid": {"name": "GRS 1980", "semi_major_axis": 6378137, "inverse_flattening": 298.257222101}}, "coordinate_system": {"subtype": "ellipsoidal", "axis": [{"name": "Geodetic latitude", "abbreviation": "Lat", "direction": "north", "unit": "degree"}, {"name": "Geodetic longitude", "abbreviation": "Lon", "direction": "east", "unit": "degree"}]}, "id": {"authority": "EPSG", "code": 4761}}, "conversion": {"name": "Croatia Transverse Mercator", "method": {"name": "Transverse Mercator", "id": {"authority": "EPSG", "code": 9807}}, "parameters": [{"name": "Latitude of natural origin", "value": 0, "unit": "degree", "id": {"authority": "EPSG", "code": 8801}}, {"name": "Longitude of natural origin", "value": 16.5, "unit": "degree", "id": {"authority": "EPSG", "code": 8802}}, {"name": "Scale factor at natural origin", "value": 0.9999, "unit": "unity", "id": {"authority": "EPSG", "code": 8805}}, {"name": "False easting", "value": 500000, "unit": "metre", "id": {"authority": "EPSG", "code": 8806}}, {"name": "False northing", "value": 0, "unit": "metre", "id": {"authority": "EPSG", "code": 8807}}]}, "coordinate_system": {"subtype": "Cartesian", "axis": [{"name": "Easting", "abbreviation": "E", "direction": "east", "unit": "metre"}, {"name": "Northing", "abbreviation": "N", "direction": "north", "unit": "metre"}]}, "scope": "Cadastre, engineering survey, topographic mapping (large scale).", "area": "Croatia - onshore.", "bbox": {"south_latitude": 42.34, "west_longitude": 13.43, "north_latitude": 46.54, "east_longitude": 19.43}, "id": {"authority": "EPSG", "code": 3765}}

2026-08-27 21:48:32,652 [INFO] STARTEN DER BEREINIGUNGSPIPELINE
2026-08-27 21:48:32,653 [INFO] Schritt 1: Detaillierter Text-Clean gestartet...
2026-08-27 21:48:32,879 [INFO] --- Fehlerstatistik pro Spalte ---
2026-08-27 21:48:32,880 [INFO] > Spalte 'naziv': 38 Änderungen (whitespaces: 38)
2026-08-27 21:48:32,881 [INFO] > Spalte 'adresa': 7 Änderungen (whitespaces: 7)
2026-08-27 21:48:32,882 [INFO] > Spalte 'registarki_broj_n': 14922 Änderungen (placeholders: 7461, invalid_to_nan: 7461)
2026-08-27 21:48:32,882 [INFO] > Spalte 'datacija': 513 Änderungen (whitespaces: 4, invalid_to_nan: 509)
2026-08-27 21:48:32,883 [INFO] > Spalte 'autor': 1741 Änderungen (whitespaces: 1, invalid_to_nan: 1740)
2026-08-27 21:48:32,883 [INFO] > Spalte 'opis': 2840 Änderungen (linebreaks: 587, excel_artifacts: 27, whitespaces: 2224, placeholders: 1, invalid_to_nan: 1)
2026-08-27 21:48:32,884 [INFO] --- Globale Fehlerzusammenfassung ---
2026-08-27 21:48:32,884 [INFO] > Zeilenumbrüche entfernt: 587
2026-08-27 21:48:32,885 [INFO] > Excel-Artefakte entfernt: 27
2026-08-27 21:48:32,885 [INFO] > Whitespace-Korrekturen: 2274
2026-08-27 21:48:32,886 [INFO] > Platzhalter entfernt: 7462
2026-08-27 21:48:32,886 [INFO] > Ungültige Texte zu NaN konvertiert: 9711
2026-08-27 21:48:32,887 [INFO] Gesamtanzahl behobener Anomalien über alle Spalten: 20061
2026-08-27 21:48:32,888 [INFO] Schritt 2: Bereinige Spalte 'grad'...
2026-08-27 21:48:32,895 [INFO] Spalte 'grad': 7464 Werte erfolgreich standardisiert.
2026-08-27 21:48:32,896 [INFO] Schritt 3: Entferne Spalte 'adresa' vollständig...
2026-08-27 21:48:32,898 [INFO] Spalte 'adresa' wurde erfolgreich gelöscht.
2026-08-27 21:48:32,898 [INFO] Schritt: Passe Spalte 'vrsta' an das offizielle Webregister an...
2026-08-27 21:48:32,901 [INFO] Spalte 'vrsta': 7517 Datensätze auf Register-Namen aktualisiert.
2026-08-27 21:48:32,903 [INFO] Schritt: Wert in 'klasifikacija' angepasst. 'kopneno-podvodno arheološko nalazište' -> 'kopneno/podvodno arheološka zona/nalazište' (1 Feld(er) korrigiert).
2026-08-27 21:48:32,904 [INFO] Schritt 2: Extraktion von 'register_artefacts' aus 'registarski_broj'...
2026-08-27 21:48:32,916 [INFO] Spalte 'registarski_broj': 469 Werte aufgeteilt und Reste nach 'register_artefacts' verschoben.
2026-08-27 21:48:32,917 [WARNING] Spalte 'registarski_broj': 3 Zeilen entsprachen nicht dem erwarteten Format (Buchstaben-Zahlen) und wurden übersprungen. Betroffene Werte: ['RRI 381-1975', 'ZDU_191', 'RRI 380-1975']
2026-08-27 21:48:32,919 [WARNING] Spalte 'register_artefacts': 8 extrahierte Artefakte sind KEINE exakt 4-stellige Zahl (Jahresangabe). Bereinigte Fehlerwerte: ['73', '1973. OD 9.5. 1973', '1973. od 9.5.1973', '1973. od 16.1. 1973', ', Bg-171/1-78', '/2-76', '24-65'] | Aus Originaleinträgen: ['ROS-442', 'ROS-0405', 'ROSROS-0404', 'ROS-0352', 'RRI-0427', 'KB-174', 'ZST-148']
2026-08-27 21:48:32,919 [INFO] Extraktion von 'register_artefacts' beendet.
2026-08-27 21:48:32,920 [INFO] Manuelle Korrektur spezieller Register-Fehler...
2026-08-27 23:03:58,305 [INFO] STARTE ANALYSE & BEREINIGUNG FÜR: 2026-08-26_geoportalnipp_rkd.parquet
2026-08-27 23:03:58,369 [INFO] Schritt 1: Detaillierter Text-Clean gestartet...
2026-08-27 23:03:58,590 [INFO] --- Fehlerstatistik pro Spalte ---
2026-08-27 23:03:58,590 [INFO] > Spalte 'naziv': 38 Änderungen (whitespaces: 38)
2026-08-27 23:03:58,591 [INFO] > Spalte 'adresa': 7 Änderungen (whitespaces: 7)
2026-08-27 23:03:58,591 [INFO] > Spalte 'registarki_broj_n': 14922 Änderungen (placeholders: 7461, invalid_to_nan: 7461)
2026-08-27 23:03:58,591 [INFO] > Spalte 'datacija': 513 Änderungen (whitespaces: 4, invalid_to_nan: 509)
2026-08-27 23:03:58,592 [INFO] > Spalte 'autor': 1741 Änderungen (whitespaces: 1, invalid_to_nan: 1740)
2026-08-27 23:03:58,592 [INFO] > Spalte 'opis': 2840 Änderungen (linebreaks: 587, excel_artifacts: 27, whitespaces: 2224, placeholders: 1, invalid_to_nan: 1)
2026-08-27 23:03:58,593 [INFO] --- Globale Fehlerzusammenfassung ---
2026-08-27 23:03:58,593 [INFO] > Zeilenumbrüche entfernt: 587
2026-08-27 23:03:58,594 [INFO] > Excel-Artefakte entfernt: 27
2026-08-27 23:03:58,594 [INFO] > Whitespace-Korrekturen: 2274
2026-08-27 23:03:58,594 [INFO] > Platzhalter entfernt: 7462
2026-08-27 23:03:58,595 [INFO] > Ungültige Texte zu NaN konvertiert: 9711
2026-08-27 23:03:58,595 [INFO] Gesamtanzahl behobener Anomalien über alle Spalten: 20061
2026-08-27 23:15:23,710 [INFO] STARTE ANALYSE & BEREINIGUNG FÜR: 2026-08-26_geoportalnipp_rkd.parquet
2026-08-27 23:15:23,777 [INFO] Schritt 1: Detaillierter Text-Clean gestartet...
2026-08-27 23:15:24,001 [INFO] --- Fehlerstatistik pro Spalte ---
2026-08-27 23:15:24,002 [INFO] > Spalte 'naziv': 38 Änderungen (whitespaces: 38)
2026-08-27 23:15:24,003 [INFO] > Spalte 'adresa': 7 Änderungen (whitespaces: 7)
2026-08-27 23:15:24,003 [INFO] > Spalte 'registarki_broj_n': 14922 Änderungen (placeholders: 7461, invalid_to_nan: 7461)
2026-08-27 23:15:24,004 [INFO] > Spalte 'datacija': 513 Änderungen (whitespaces: 4, invalid_to_nan: 509)
2026-08-27 23:15:24,004 [INFO] > Spalte 'autor': 1741 Änderungen (whitespaces: 1, invalid_to_nan: 1740)
2026-08-27 23:15:24,004 [INFO] > Spalte 'opis': 2840 Änderungen (linebreaks: 587, excel_artifacts: 27, whitespaces: 2224, placeholders: 1, invalid_to_nan: 1)
2026-08-27 23:15:24,005 [INFO] --- Globale Fehlerzusammenfassung ---
2026-08-27 23:15:24,005 [INFO] > Zeilenumbrüche entfernt: 587
2026-08-27 23:15:24,006 [INFO] > Excel-Artefakte entfernt: 27
2026-08-27 23:15:24,006 [INFO] > Whitespace-Korrekturen: 2274
2026-08-27 23:15:24,007 [INFO] > Platzhalter entfernt: 7462
2026-08-27 23:15:24,007 [INFO] > Ungültige Texte zu NaN konvertiert: 9711
2026-08-27 23:15:24,007 [INFO] Gesamtanzahl behobener Anomalien über alle Spalten: 20061
2026-08-27 23:20:22,138 [INFO] STARTE ANALYSE & BEREINIGUNG FÜR: 2026-08-26_geoportalnipp_rkd.parquet
2026-08-27 23:20:22,176 [INFO] Schritt 1: Detaillierter Text-Clean gestartet...
2026-08-27 23:20:22,414 [INFO] --- Fehlerstatistik pro Spalte ---
2026-08-27 23:20:22,415 [INFO] > Spalte 'naziv': 38 Änderungen (whitespaces: 38)
2026-08-27 23:20:22,415 [INFO] > Spalte 'adresa': 7 Änderungen (whitespaces: 7)
2026-08-27 23:20:22,416 [INFO] > Spalte 'registarki_broj_n': 14922 Änderungen (placeholders: 7461, invalid_to_nan: 7461)
2026-08-27 23:20:22,416 [INFO] > Spalte 'datacija': 513 Änderungen (whitespaces: 4, invalid_to_nan: 509)
2026-08-27 23:20:22,417 [INFO] > Spalte 'autor': 1741 Änderungen (whitespaces: 1, invalid_to_nan: 1740)
2026-08-27 23:20:22,417 [INFO] > Spalte 'opis': 2840 Änderungen (linebreaks: 587, excel_artifacts: 27, whitespaces: 2224, placeholders: 1, invalid_to_nan: 1)
2026-08-27 23:20:22,418 [INFO] --- Globale Fehlerzusammenfassung ---
2026-08-27 23:20:22,418 [INFO] > Zeilenumbrüche entfernt: 587
2026-08-27 23:20:22,419 [INFO] > Excel-Artefakte entfernt: 27
2026-08-27 23:20:22,420 [INFO] > Whitespace-Korrekturen: 2274
2026-08-27 23:20:22,420 [INFO] > Platzhalter entfernt: 7462
2026-08-27 23:20:22,421 [INFO] > Ungültige Texte zu NaN konvertiert: 9711
2026-08-27 23:20:22,421 [INFO] Gesamtanzahl behobener Anomalien über alle Spalten: 20061
2026-08-27 23:22:25,133 [INFO] STARTE ANALYSE & BEREINIGUNG FÜR: 2026-08-26_geoportalnipp_rkd.parquet
2026-08-27 23:22:25,169 [INFO] Schritt 1: Detaillierter Text-Clean gestartet...
2026-08-27 23:22:25,402 [INFO] --- Fehlerstatistik pro Spalte ---
2026-08-27 23:22:25,403 [INFO] > Spalte 'naziv': 38 Änderungen (whitespaces: 38)
2026-08-27 23:22:25,403 [INFO] > Spalte 'adresa': 7 Änderungen (whitespaces: 7)
2026-08-27 23:22:25,404 [INFO] > Spalte 'registarki_broj_n': 14922 Änderungen (placeholders: 7461, invalid_to_nan: 7461)
2026-08-27 23:22:25,405 [INFO] > Spalte 'datacija': 513 Änderungen (whitespaces: 4, invalid_to_nan: 509)
2026-08-27 23:22:25,405 [INFO] > Spalte 'autor': 1741 Änderungen (whitespaces: 1, invalid_to_nan: 1740)
2026-08-27 23:22:25,406 [INFO] > Spalte 'opis': 2840 Änderungen (linebreaks: 587, excel_artifacts: 27, whitespaces: 2224, placeholders: 1, invalid_to_nan: 1)
2026-08-27 23:22:25,406 [INFO] --- Globale Fehlerzusammenfassung ---
2026-08-27 23:22:25,406 [INFO] > Zeilenumbrüche entfernt: 587
2026-08-27 23:22:25,407 [INFO] > Excel-Artefakte entfernt: 27
2026-08-27 23:22:25,407 [INFO] > Whitespace-Korrekturen: 2274
2026-08-27 23:22:25,408 [INFO] > Platzhalter entfernt: 7462
2026-08-27 23:22:25,408 [INFO] > Ungültige Texte zu NaN konvertiert: 9711
2026-08-27 23:22:25,408 [INFO] Gesamtanzahl behobener Anomalien über alle Spalten: 20061
2026-08-27 23:24:18,284 [INFO] STARTE ANALYSE & BEREINIGUNG FÜR: 2026-08-26_geoportalnipp_rkd.parquet
2026-08-27 23:24:18,317 [INFO] Schritt 1: Detaillierter Text-Clean gestartet...
2026-08-27 23:24:18,570 [INFO] --- Fehlerstatistik pro Spalte ---
2026-08-27 23:24:18,570 [INFO] > Spalte 'naziv': 38 Änderungen (whitespaces: 38)
2026-08-27 23:24:18,571 [INFO] > Spalte 'adresa': 7 Änderungen (whitespaces: 7)
2026-08-27 23:24:18,571 [INFO] > Spalte 'registarki_broj_n': 14922 Änderungen (placeholders: 7461, invalid_to_nan: 7461)
2026-08-27 23:24:18,572 [INFO] > Spalte 'datacija': 513 Änderungen (whitespaces: 4, invalid_to_nan: 509)
2026-08-27 23:24:18,572 [INFO] > Spalte 'autor': 1741 Änderungen (whitespaces: 1, invalid_to_nan: 1740)
2026-08-27 23:24:18,573 [INFO] > Spalte 'opis': 2840 Änderungen (linebreaks: 587, excel_artifacts: 27, whitespaces: 2224, placeholders: 1, invalid_to_nan: 1)
2026-08-27 23:24:18,574 [INFO] --- Globale Fehlerzusammenfassung ---
2026-08-27 23:24:18,574 [INFO] > Zeilenumbrüche entfernt: 587
2026-08-27 23:24:18,575 [INFO] > Excel-Artefakte entfernt: 27
2026-08-27 23:24:18,575 [INFO] > Whitespace-Korrekturen: 2274
2026-08-27 23:24:18,575 [INFO] > Platzhalter entfernt: 7462
2026-08-27 23:24:18,576 [INFO] > Ungültige Texte zu NaN konvertiert: 9711
2026-08-27 23:24:18,576 [INFO] Gesamtanzahl behobener Anomalien über alle Spalten: 20061
2026-08-27 23:26:13,624 [INFO] STARTE ANALYSE & BEREINIGUNG FÜR: 2026-08-26_geoportalnipp_rkd.parquet
2026-08-27 23:26:13,662 [INFO] Schritt 1: Detaillierter Text-Clean gestartet...
2026-08-27 23:26:13,903 [INFO] --- Fehlerstatistik pro Spalte ---
2026-08-27 23:26:13,904 [INFO] > Spalte 'naziv': 38 Änderungen (whitespaces: 38)
2026-08-27 23:26:13,904 [INFO] > Spalte 'adresa': 7 Änderungen (whitespaces: 7)
2026-08-27 23:26:13,905 [INFO] > Spalte 'registarki_broj_n': 14922 Änderungen (placeholders: 7461, invalid_to_nan: 7461)
2026-08-27 23:26:13,905 [INFO] > Spalte 'datacija': 513 Änderungen (whitespaces: 4, invalid_to_nan: 509)
2026-08-27 23:26:13,906 [INFO] > Spalte 'autor': 1741 Änderungen (whitespaces: 1, invalid_to_nan: 1740)
2026-08-27 23:26:13,907 [INFO] > Spalte 'opis': 2840 Änderungen (linebreaks: 587, excel_artifacts: 27, whitespaces: 2224, placeholders: 1, invalid_to_nan: 1)
2026-08-27 23:26:13,907 [INFO] --- Globale Fehlerzusammenfassung ---
2026-08-27 23:26:13,908 [INFO] > Zeilenumbrüche entfernt: 587
2026-08-27 23:26:13,908 [INFO] > Excel-Artefakte entfernt: 27
2026-08-27 23:26:13,909 [INFO] > Whitespace-Korrekturen: 2274
2026-08-27 23:26:13,910 [INFO] > Platzhalter entfernt: 7462
2026-08-27 23:26:13,910 [INFO] > Ungültige Texte zu NaN konvertiert: 9711
2026-08-27 23:26:13,911 [INFO] Gesamtanzahl behobener Anomalien über alle Spalten: 20061
2026-08-27 23:27:20,550 [INFO] STARTE ANALYSE & BEREINIGUNG FÜR: 2026-08-26_geoportalnipp_rkd.parquet
2026-08-27 23:27:20,615 [INFO] Schritt 1: Detaillierter Text-Clean gestartet...
2026-08-27 23:27:20,836 [INFO] --- Fehlerstatistik pro Spalte ---
2026-08-27 23:27:20,837 [INFO] > Spalte 'naziv': 38 Änderungen (whitespaces: 38)
2026-08-27 23:27:20,837 [INFO] > Spalte 'adresa': 7 Änderungen (whitespaces: 7)
2026-08-27 23:27:20,838 [INFO] > Spalte 'registarki_broj_n': 14922 Änderungen (placeholders: 7461, invalid_to_nan: 7461)
2026-08-27 23:27:20,839 [INFO] > Spalte 'datacija': 513 Änderungen (whitespaces: 4, invalid_to_nan: 509)
2026-08-27 23:27:20,839 [INFO] > Spalte 'autor': 1741 Änderungen (whitespaces: 1, invalid_to_nan: 1740)
2026-08-27 23:27:20,839 [INFO] > Spalte 'opis': 2840 Änderungen (linebreaks: 587, excel_artifacts: 27, whitespaces: 2224, placeholders: 1, invalid_to_nan: 1)
2026-08-27 23:27:20,840 [INFO] --- Globale Fehlerzusammenfassung ---
2026-08-27 23:27:20,840 [INFO] > Zeilenumbrüche entfernt: 587
2026-08-27 23:27:20,841 [INFO] > Excel-Artefakte entfernt: 27
2026-08-27 23:27:20,841 [INFO] > Whitespace-Korrekturen: 2274
2026-08-27 23:27:20,842 [INFO] > Platzhalter entfernt: 7462
2026-08-27 23:27:20,842 [INFO] > Ungültige Texte zu NaN konvertiert: 9711
2026-08-27 23:27:20,843 [INFO] Gesamtanzahl behobener Anomalien über alle Spalten: 20061
2026-08-27 23:27:27,251 [INFO] STARTE ANALYSE & BEREINIGUNG FÜR: 2026-08-26_geoportalnipp_rkd.parquet
2026-08-27 23:27:27,293 [INFO] Schritt 1: Detaillierter Text-Clean gestartet...
2026-08-27 23:27:27,523 [INFO] --- Fehlerstatistik pro Spalte ---
2026-08-27 23:27:27,524 [INFO] > Spalte 'naziv': 38 Änderungen (whitespaces: 38)
2026-08-27 23:27:27,524 [INFO] > Spalte 'adresa': 7 Änderungen (whitespaces: 7)
2026-08-27 23:27:27,525 [INFO] > Spalte 'registarki_broj_n': 14922 Änderungen (placeholders: 7461, invalid_to_nan: 7461)
2026-08-27 23:27:27,525 [INFO] > Spalte 'datacija': 513 Änderungen (whitespaces: 4, invalid_to_nan: 509)
2026-08-27 23:27:27,526 [INFO] > Spalte 'autor': 1741 Änderungen (whitespaces: 1, invalid_to_nan: 1740)
2026-08-27 23:27:27,526 [INFO] > Spalte 'opis': 2840 Änderungen (linebreaks: 587, excel_artifacts: 27, whitespaces: 2224, placeholders: 1, invalid_to_nan: 1)
2026-08-27 23:27:27,527 [INFO] --- Globale Fehlerzusammenfassung ---
2026-08-27 23:27:27,527 [INFO] > Zeilenumbrüche entfernt: 587
2026-08-27 23:27:27,528 [INFO] > Excel-Artefakte entfernt: 27
2026-08-27 23:27:27,528 [INFO] > Whitespace-Korrekturen: 2274
2026-08-27 23:27:27,529 [INFO] > Platzhalter entfernt: 7462
2026-08-27 23:27:27,529 [INFO] > Ungültige Texte zu NaN konvertiert: 9711
2026-08-27 23:27:27,530 [INFO] Gesamtanzahl behobener Anomalien über alle Spalten: 20061
2026-08-27 23:43:20,803 [INFO] STARTE ANALYSE & BEREINIGUNG FÜR: 2026-08-26_geoportalnipp_rkd.parquet
2026-08-27 23:43:20,866 [INFO] Schritt 1: Detaillierter Text-Clean gestartet...
2026-08-27 23:43:21,088 [INFO] --- Fehlerstatistik pro Spalte ---
2026-08-27 23:43:21,089 [INFO] > Spalte 'naziv': 38 Änderungen (whitespaces: 38)
2026-08-27 23:43:21,089 [INFO] > Spalte 'adresa': 7 Änderungen (whitespaces: 7)
2026-08-27 23:43:21,089 [INFO] > Spalte 'registarki_broj_n': 14922 Änderungen (placeholders: 7461, invalid_to_nan: 7461)
2026-08-27 23:43:21,089 [INFO] > Spalte 'datacija': 513 Änderungen (whitespaces: 4, invalid_to_nan: 509)
2026-08-27 23:43:21,090 [INFO] > Spalte 'autor': 1741 Änderungen (whitespaces: 1, invalid_to_nan: 1740)
2026-08-27 23:43:21,090 [INFO] > Spalte 'opis': 2840 Änderungen (linebreaks: 587, excel_artifacts: 27, whitespaces: 2224, placeholders: 1, invalid_to_nan: 1)
2026-08-27 23:43:21,090 [INFO] --- Globale Fehlerzusammenfassung ---
2026-08-27 23:43:21,091 [INFO] > Zeilenumbrüche entfernt: 587
2026-08-27 23:43:21,091 [INFO] > Excel-Artefakte entfernt: 27
2026-08-27 23:43:21,091 [INFO] > Whitespace-Korrekturen: 2274
2026-08-27 23:43:21,092 [INFO] > Platzhalter entfernt: 7462
2026-08-27 23:43:21,092 [INFO] > Ungültige Texte zu NaN konvertiert: 9711
2026-08-27 23:43:21,092 [INFO] Gesamtanzahl behobener Anomalien über alle Spalten: 20061
2026-08-27 23:46:22,186 [INFO] STARTE ANALYSE & BEREINIGUNG FÜR: 2026-08-26_geoportalnipp_rkd.parquet
2026-08-27 23:46:22,224 [INFO] Schritt 1: Detaillierter Text-Clean gestartet...
2026-08-27 23:46:22,465 [INFO] --- Fehlerstatistik pro Spalte ---
2026-08-27 23:46:22,465 [INFO] > Spalte 'naziv': 38 Änderungen (whitespaces: 38)
2026-08-27 23:46:22,466 [INFO] > Spalte 'adresa': 7 Änderungen (whitespaces: 7)
2026-08-27 23:46:22,466 [INFO] > Spalte 'registarki_broj_n': 14922 Änderungen (placeholders: 7461, invalid_to_nan: 7461)
2026-08-27 23:46:22,467 [INFO] > Spalte 'datacija': 513 Änderungen (whitespaces: 4, invalid_to_nan: 509)
2026-08-27 23:46:22,467 [INFO] > Spalte 'autor': 1741 Änderungen (whitespaces: 1, invalid_to_nan: 1740)
2026-08-27 23:46:22,468 [INFO] > Spalte 'opis': 2840 Änderungen (linebreaks: 587, excel_artifacts: 27, whitespaces: 2224, placeholders: 1, invalid_to_nan: 1)
2026-08-27 23:46:22,468 [INFO] --- Globale Fehlerzusammenfassung ---
2026-08-27 23:46:22,468 [INFO] > Zeilenumbrüche entfernt: 587
2026-08-27 23:46:22,468 [INFO] > Excel-Artefakte entfernt: 27
2026-08-27 23:46:22,469 [INFO] > Whitespace-Korrekturen: 2274
2026-08-27 23:46:22,469 [INFO] > Platzhalter entfernt: 7462
2026-08-27 23:46:22,469 [INFO] > Ungültige Texte zu NaN konvertiert: 9711
2026-08-27 23:46:22,470 [INFO] Gesamtanzahl behobener Anomalien über alle Spalten: 20061
2026-08-27 23:48:54,618 [INFO] STARTE ANALYSE & BEREINIGUNG FÜR: 2026-08-26_geoportalnipp_rkd.parquet
2026-08-27 23:48:54,659 [INFO] Schritt 1: Detaillierter Text-Clean gestartet...
2026-08-27 23:48:54,902 [INFO] --- Fehlerstatistik pro Spalte ---
2026-08-27 23:48:54,903 [INFO] > Spalte 'naziv': 38 Änderungen (whitespaces: 38)
2026-08-27 23:48:54,904 [INFO] > Spalte 'adresa': 7 Änderungen (whitespaces: 7)
2026-08-27 23:48:54,904 [INFO] > Spalte 'registarki_broj_n': 14922 Änderungen (placeholders: 7461, invalid_to_nan: 7461)
2026-08-27 23:48:54,905 [INFO] > Spalte 'datacija': 513 Änderungen (whitespaces: 4, invalid_to_nan: 509)
2026-08-27 23:48:54,905 [INFO] > Spalte 'autor': 1741 Änderungen (whitespaces: 1, invalid_to_nan: 1740)
2026-08-27 23:48:54,906 [INFO] > Spalte 'opis': 2840 Änderungen (linebreaks: 587, excel_artifacts: 27, whitespaces: 2224, placeholders: 1, invalid_to_nan: 1)
2026-08-27 23:48:54,906 [INFO] --- Globale Fehlerzusammenfassung ---
2026-08-27 23:48:54,907 [INFO] > Zeilenumbrüche entfernt: 587
2026-08-27 23:48:54,907 [INFO] > Excel-Artefakte entfernt: 27
2026-08-27 23:48:54,907 [INFO] > Whitespace-Korrekturen: 2274
2026-08-27 23:48:54,908 [INFO] > Platzhalter entfernt: 7462
2026-08-27 23:48:54,908 [INFO] > Ungültige Texte zu NaN konvertiert: 9711
2026-08-27 23:48:54,908 [INFO] Gesamtanzahl behobener Anomalien über alle Spalten: 20061
2026-08-27 23:49:29,894 [INFO] STARTE ANALYSE & BEREINIGUNG FÜR: 2026-08-26_geoportalnipp_rkd.parquet
2026-08-27 23:49:29,933 [INFO] Schritt 1: Detaillierter Text-Clean gestartet...
2026-08-27 23:49:30,177 [INFO] --- Fehlerstatistik pro Spalte ---
2026-08-27 23:49:30,178 [INFO] > Spalte 'naziv': 38 Änderungen (whitespaces: 38)
2026-08-27 23:49:30,179 [INFO] > Spalte 'adresa': 7 Änderungen (whitespaces: 7)
2026-08-27 23:49:30,179 [INFO] > Spalte 'registarki_broj_n': 14922 Änderungen (placeholders: 7461, invalid_to_nan: 7461)
2026-08-27 23:49:30,180 [INFO] > Spalte 'datacija': 513 Änderungen (whitespaces: 4, invalid_to_nan: 509)
2026-08-27 23:49:30,180 [INFO] > Spalte 'autor': 1741 Änderungen (whitespaces: 1, invalid_to_nan: 1740)
2026-08-27 23:49:30,180 [INFO] > Spalte 'opis': 2840 Änderungen (linebreaks: 587, excel_artifacts: 27, whitespaces: 2224, placeholders: 1, invalid_to_nan: 1)
2026-08-27 23:49:30,181 [INFO] --- Globale Fehlerzusammenfassung ---
2026-08-27 23:49:30,181 [INFO] > Zeilenumbrüche entfernt: 587
2026-08-27 23:49:30,181 [INFO] > Excel-Artefakte entfernt: 27
2026-08-27 23:49:30,182 [INFO] > Whitespace-Korrekturen: 2274
2026-08-27 23:49:30,182 [INFO] > Platzhalter entfernt: 7462
2026-08-27 23:49:30,183 [INFO] > Ungültige Texte zu NaN konvertiert: 9711
2026-08-27 23:49:30,183 [INFO] Gesamtanzahl behobener Anomalien über alle Spalten: 20061
2026-08-27 23:55:45,009 [INFO] STARTE ANALYSE & BEREINIGUNG FÜR: 2026-08-26_geoportalnipp_rkd.parquet
2026-08-27 23:55:45,077 [INFO] Schritt 1: Detaillierter Text-Clean gestartet...
2026-08-27 23:55:45,301 [INFO] --- Fehlerstatistik pro Spalte ---
2026-08-27 23:55:45,302 [INFO] > Spalte 'naziv': 38 Änderungen (whitespaces: 38)
2026-08-27 23:55:45,302 [INFO] > Spalte 'adresa': 7 Änderungen (whitespaces: 7)
2026-08-27 23:55:45,303 [INFO] > Spalte 'registarki_broj_n': 14922 Änderungen (placeholders: 7461, invalid_to_nan: 7461)
2026-08-27 23:55:45,303 [INFO] > Spalte 'datacija': 513 Änderungen (whitespaces: 4, invalid_to_nan: 509)
2026-08-27 23:55:45,304 [INFO] > Spalte 'autor': 1741 Änderungen (whitespaces: 1, invalid_to_nan: 1740)
2026-08-27 23:55:45,304 [INFO] > Spalte 'opis': 2840 Änderungen (linebreaks: 587, excel_artifacts: 27, whitespaces: 2224, placeholders: 1, invalid_to_nan: 1)
2026-08-27 23:55:45,305 [INFO] --- Globale Fehlerzusammenfassung ---
2026-08-27 23:55:45,305 [INFO] > Zeilenumbrüche entfernt: 587
2026-08-27 23:55:45,306 [INFO] > Excel-Artefakte entfernt: 27
2026-08-27 23:55:45,306 [INFO] > Whitespace-Korrekturen: 2274
2026-08-27 23:55:45,307 [INFO] > Platzhalter entfernt: 7462
2026-08-27 23:55:45,307 [INFO] > Ungültige Texte zu NaN konvertiert: 9711
2026-08-27 23:55:45,307 [INFO] Gesamtanzahl behobener Anomalien über alle Spalten: 20061
2026-08-28 00:00:30,364 [INFO] STARTE ANALYSE & BEREINIGUNG FÜR: 2026-08-26_geoportalnipp_rkd.parquet
2026-08-28 00:00:30,404 [INFO] Schritt 1: Detaillierter Text-Clean gestartet...
2026-08-28 00:00:30,636 [INFO] --- Fehlerstatistik pro Spalte ---
2026-08-28 00:00:30,637 [INFO] > Spalte 'naziv': 38 Änderungen (whitespaces: 38)
2026-08-28 00:00:30,637 [INFO] > Spalte 'adresa': 7 Änderungen (whitespaces: 7)
2026-08-28 00:00:30,638 [INFO] > Spalte 'registarki_broj_n': 14922 Änderungen (placeholders: 7461, invalid_to_nan: 7461)
2026-08-28 00:00:30,639 [INFO] > Spalte 'datacija': 513 Änderungen (whitespaces: 4, invalid_to_nan: 509)
2026-08-28 00:00:30,639 [INFO] > Spalte 'autor': 1741 Änderungen (whitespaces: 1, invalid_to_nan: 1740)
2026-08-28 00:00:30,640 [INFO] > Spalte 'opis': 2840 Änderungen (linebreaks: 587, excel_artifacts: 27, whitespaces: 2224, placeholders: 1, invalid_to_nan: 1)
2026-08-28 00:00:30,640 [INFO] --- Globale Fehlerzusammenfassung ---
2026-08-28 00:00:30,641 [INFO] > Zeilenumbrüche entfernt: 587
2026-08-28 00:00:30,641 [INFO] > Excel-Artefakte entfernt: 27
2026-08-28 00:00:30,642 [INFO] > Whitespace-Korrekturen: 2274
2026-08-28 00:00:30,642 [INFO] > Platzhalter entfernt: 7462
2026-08-28 00:00:30,643 [INFO] > Ungültige Texte zu NaN konvertiert: 9711
2026-08-28 00:00:30,643 [INFO] Gesamtanzahl behobener Anomalien über alle Spalten: 20061
2026-08-28 00:03:12,215 [INFO] STARTE ANALYSE & BEREINIGUNG FÜR: 2026-08-26_geoportalnipp_rkd.parquet
2026-08-28 00:03:12,255 [INFO] Schritt 1: Detaillierter Text-Clean gestartet...
2026-08-28 00:03:12,507 [INFO] --- Fehlerstatistik pro Spalte ---
2026-08-28 00:03:12,508 [INFO] > Spalte 'naziv': 38 Änderungen (whitespaces: 38)
2026-08-28 00:03:12,509 [INFO] > Spalte 'adresa': 7 Änderungen (whitespaces: 7)
2026-08-28 00:03:12,509 [INFO] > Spalte 'registarki_broj_n': 14922 Änderungen (placeholders: 7461, invalid_to_nan: 7461)
2026-08-28 00:03:12,509 [INFO] > Spalte 'datacija': 513 Änderungen (whitespaces: 4, invalid_to_nan: 509)
2026-08-28 00:03:12,510 [INFO] > Spalte 'autor': 1741 Änderungen (whitespaces: 1, invalid_to_nan: 1740)
2026-08-28 00:03:12,510 [INFO] > Spalte 'opis': 2840 Änderungen (linebreaks: 587, excel_artifacts: 27, whitespaces: 2224, placeholders: 1, invalid_to_nan: 1)
2026-08-28 00:03:12,511 [INFO] --- Globale Fehlerzusammenfassung ---
2026-08-28 00:03:12,511 [INFO] > Zeilenumbrüche entfernt: 587
2026-08-28 00:03:12,511 [INFO] > Excel-Artefakte entfernt: 27
2026-08-28 00:03:12,512 [INFO] > Whitespace-Korrekturen: 2274
2026-08-28 00:03:12,512 [INFO] > Platzhalter entfernt: 7462
2026-08-28 00:03:12,512 [INFO] > Ungültige Texte zu NaN konvertiert: 9711
2026-08-28 00:03:12,513 [INFO] Gesamtanzahl behobener Anomalien über alle Spalten: 20061
2026-08-28 00:05:36,608 [INFO] STARTE ANALYSE & BEREINIGUNG FÜR: 2026-08-26_geoportalnipp_rkd.parquet
2026-08-28 00:05:36,644 [INFO] Schritt 1: Detaillierter Text-Clean gestartet...
2026-08-28 00:05:36,889 [INFO] --- Fehlerstatistik pro Spalte ---
2026-08-28 00:05:36,890 [INFO] > Spalte 'naziv': 38 Änderungen (whitespaces: 38)
2026-08-28 00:05:36,890 [INFO] > Spalte 'adresa': 7 Änderungen (whitespaces: 7)
2026-08-28 00:05:36,891 [INFO] > Spalte 'registarki_broj_n': 14922 Änderungen (placeholders: 7461, invalid_to_nan: 7461)
2026-08-28 00:05:36,892 [INFO] > Spalte 'datacija': 513 Änderungen (whitespaces: 4, invalid_to_nan: 509)
2026-08-28 00:05:36,892 [INFO] > Spalte 'autor': 1741 Änderungen (whitespaces: 1, invalid_to_nan: 1740)
2026-08-28 00:05:36,892 [INFO] > Spalte 'opis': 2840 Änderungen (linebreaks: 587, excel_artifacts: 27, whitespaces: 2224, placeholders: 1, invalid_to_nan: 1)
2026-08-28 00:05:36,893 [INFO] --- Globale Fehlerzusammenfassung ---
2026-08-28 00:05:36,893 [INFO] > Zeilenumbrüche entfernt: 587
2026-08-28 00:05:36,893 [INFO] > Excel-Artefakte entfernt: 27
2026-08-28 00:05:36,894 [INFO] > Whitespace-Korrekturen: 2274
2026-08-28 00:05:36,894 [INFO] > Platzhalter entfernt: 7462
2026-08-28 00:05:36,894 [INFO] > Ungültige Texte zu NaN konvertiert: 9711
2026-08-28 00:05:36,895 [INFO] Gesamtanzahl behobener Anomalien über alle Spalten: 20061
2026-08-28 00:06:43,940 [INFO] STARTE ANALYSE & BEREINIGUNG FÜR: 2026-08-26_geoportalnipp_rkd.parquet
2026-08-28 00:06:43,977 [INFO] Schritt 1: Detaillierter Text-Clean gestartet...
2026-08-28 00:06:44,209 [INFO] --- Fehlerstatistik pro Spalte ---
2026-08-28 00:06:44,210 [INFO] > Spalte 'naziv': 38 Änderungen (whitespaces: 38)
2026-08-28 00:06:44,210 [INFO] > Spalte 'adresa': 7 Änderungen (whitespaces: 7)
2026-08-28 00:06:44,211 [INFO] > Spalte 'registarki_broj_n': 14922 Änderungen (placeholders: 7461, invalid_to_nan: 7461)
2026-08-28 00:06:44,212 [INFO] > Spalte 'datacija': 513 Änderungen (whitespaces: 4, invalid_to_nan: 509)
2026-08-28 00:06:44,212 [INFO] > Spalte 'autor': 1741 Änderungen (whitespaces: 1, invalid_to_nan: 1740)
2026-08-28 00:06:44,213 [INFO] > Spalte 'opis': 2840 Änderungen (linebreaks: 587, excel_artifacts: 27, whitespaces: 2224, placeholders: 1, invalid_to_nan: 1)
2026-08-28 00:06:44,213 [INFO] --- Globale Fehlerzusammenfassung ---
2026-08-28 00:06:44,214 [INFO] > Zeilenumbrüche entfernt: 587
2026-08-28 00:06:44,214 [INFO] > Excel-Artefakte entfernt: 27
2026-08-28 00:06:44,215 [INFO] > Whitespace-Korrekturen: 2274
2026-08-28 00:06:44,216 [INFO] > Platzhalter entfernt: 7462
2026-08-28 00:06:44,216 [INFO] > Ungültige Texte zu NaN konvertiert: 9711
2026-08-28 00:06:44,217 [INFO] Gesamtanzahl behobener Anomalien über alle Spalten: 20061
2026-08-28 00:09:04,765 [INFO] STARTE ANALYSE & BEREINIGUNG FÜR: 2026-08-26_geoportalnipp_rkd.parquet
2026-08-28 00:09:04,804 [INFO] Schritt 1: Detaillierter Text-Clean gestartet...
2026-08-28 00:09:05,062 [INFO] --- Fehlerstatistik pro Spalte ---
2026-08-28 00:09:05,062 [INFO] > Spalte 'naziv': 38 Änderungen (whitespaces: 38)
2026-08-28 00:09:05,063 [INFO] > Spalte 'adresa': 7 Änderungen (whitespaces: 7)
2026-08-28 00:09:05,064 [INFO] > Spalte 'registarki_broj_n': 14922 Änderungen (placeholders: 7461, invalid_to_nan: 7461)
2026-08-28 00:09:05,064 [INFO] > Spalte 'datacija': 513 Änderungen (whitespaces: 4, invalid_to_nan: 509)
2026-08-28 00:09:05,065 [INFO] > Spalte 'autor': 1741 Änderungen (whitespaces: 1, invalid_to_nan: 1740)
2026-08-28 00:09:05,065 [INFO] > Spalte 'opis': 2840 Änderungen (linebreaks: 587, excel_artifacts: 27, whitespaces: 2224, placeholders: 1, invalid_to_nan: 1)
2026-08-28 00:09:05,065 [INFO] --- Globale Fehlerzusammenfassung ---
2026-08-28 00:09:05,066 [INFO] > Zeilenumbrüche entfernt: 587
2026-08-28 00:09:05,066 [INFO] > Excel-Artefakte entfernt: 27
2026-08-28 00:09:05,066 [INFO] > Whitespace-Korrekturen: 2274
2026-08-28 00:09:05,067 [INFO] > Platzhalter entfernt: 7462
2026-08-28 00:09:05,067 [INFO] > Ungültige Texte zu NaN konvertiert: 9711
2026-08-28 00:09:05,067 [INFO] Gesamtanzahl behobener Anomalien über alle Spalten: 20061
2026-08-28 00:15:11,556 [INFO] STARTE ANALYSE & BEREINIGUNG FÜR: 2026-08-26_geoportalnipp_rkd.parquet
2026-08-28 00:15:11,624 [INFO] Schritt 1: Detaillierter Text-Clean gestartet...
2026-08-28 00:15:11,865 [INFO] --- Fehlerstatistik pro Spalte ---
2026-08-28 00:15:11,865 [INFO] > Spalte 'naziv': 38 Änderungen (whitespaces: 38)
2026-08-28 00:15:11,866 [INFO] > Spalte 'adresa': 7 Änderungen (whitespaces: 7)
2026-08-28 00:15:11,866 [INFO] > Spalte 'registarki_broj_n': 14922 Änderungen (placeholders: 7461, invalid_to_nan: 7461)
2026-08-28 00:15:11,867 [INFO] > Spalte 'datacija': 513 Änderungen (whitespaces: 4, invalid_to_nan: 509)
2026-08-28 00:15:11,867 [INFO] > Spalte 'autor': 1741 Änderungen (whitespaces: 1, invalid_to_nan: 1740)
2026-08-28 00:15:11,868 [INFO] > Spalte 'opis': 2840 Änderungen (linebreaks: 587, excel_artifacts: 27, whitespaces: 2224, placeholders: 1, invalid_to_nan: 1)
2026-08-28 00:15:11,868 [INFO] --- Globale Fehlerzusammenfassung ---
2026-08-28 00:15:11,868 [INFO] > Zeilenumbrüche entfernt: 587
2026-08-28 00:15:11,868 [INFO] > Excel-Artefakte entfernt: 27
2026-08-28 00:15:11,869 [INFO] > Whitespace-Korrekturen: 2274
2026-08-28 00:15:11,869 [INFO] > Platzhalter entfernt: 7462
2026-08-28 00:15:11,869 [INFO] > Ungültige Texte zu NaN konvertiert: 9711
2026-08-28 00:15:11,870 [INFO] Gesamtanzahl behobener Anomalien über alle Spalten: 20061
2026-08-28 00:16:09,986 [INFO] STARTE ANALYSE & BEREINIGUNG FÜR: 2026-08-26_geoportalnipp_rkd.parquet
2026-08-28 00:16:10,022 [INFO] Schritt 1: Detaillierter Text-Clean gestartet...
2026-08-28 00:16:10,255 [INFO] --- Fehlerstatistik pro Spalte ---
2026-08-28 00:16:10,256 [INFO] > Spalte 'naziv': 38 Änderungen (whitespaces: 38)
2026-08-28 00:16:10,257 [INFO] > Spalte 'adresa': 7 Änderungen (whitespaces: 7)
2026-08-28 00:16:10,257 [INFO] > Spalte 'registarki_broj_n': 14922 Änderungen (placeholders: 7461, invalid_to_nan: 7461)
2026-08-28 00:16:10,258 [INFO] > Spalte 'datacija': 513 Änderungen (whitespaces: 4, invalid_to_nan: 509)
2026-08-28 00:16:10,258 [INFO] > Spalte 'autor': 1741 Änderungen (whitespaces: 1, invalid_to_nan: 1740)
2026-08-28 00:16:10,259 [INFO] > Spalte 'opis': 2840 Änderungen (linebreaks: 587, excel_artifacts: 27, whitespaces: 2224, placeholders: 1, invalid_to_nan: 1)
2026-08-28 00:16:10,259 [INFO] --- Globale Fehlerzusammenfassung ---
2026-08-28 00:16:10,260 [INFO] > Zeilenumbrüche entfernt: 587
2026-08-28 00:16:10,260 [INFO] > Excel-Artefakte entfernt: 27
2026-08-28 00:16:10,261 [INFO] > Whitespace-Korrekturen: 2274
2026-08-28 00:16:10,261 [INFO] > Platzhalter entfernt: 7462
2026-08-28 00:16:10,262 [INFO] > Ungültige Texte zu NaN konvertiert: 9711
2026-08-28 00:16:10,263 [INFO] Gesamtanzahl behobener Anomalien über alle Spalten: 20061
2026-08-28 00:22:35,447 [INFO] STARTE ANALYSE & BEREINIGUNG FÜR: 2026-08-26_geoportalnipp_rkd.parquet
2026-08-28 00:22:35,515 [INFO] Schritt 1: Detaillierter Text-Clean gestartet...
2026-08-28 00:22:35,741 [INFO] --- Fehlerstatistik pro Spalte ---
2026-08-28 00:22:35,742 [INFO] > Spalte 'naziv': 38 Änderungen (whitespaces: 38)
2026-08-28 00:22:35,743 [INFO] > Spalte 'adresa': 7 Änderungen (whitespaces: 7)
2026-08-28 00:22:35,743 [INFO] > Spalte 'registarki_broj_n': 14922 Änderungen (placeholders: 7461, invalid_to_nan: 7461)
2026-08-28 00:22:35,744 [INFO] > Spalte 'datacija': 513 Änderungen (whitespaces: 4, invalid_to_nan: 509)
2026-08-28 00:22:35,744 [INFO] > Spalte 'autor': 1741 Änderungen (whitespaces: 1, invalid_to_nan: 1740)
2026-08-28 00:22:35,744 [INFO] > Spalte 'opis': 2840 Änderungen (linebreaks: 587, excel_artifacts: 27, whitespaces: 2224, placeholders: 1, invalid_to_nan: 1)
2026-08-28 00:22:35,745 [INFO] --- Globale Fehlerzusammenfassung ---
2026-08-28 00:22:35,745 [INFO] > Zeilenumbrüche entfernt: 587
2026-08-28 00:22:35,746 [INFO] > Excel-Artefakte entfernt: 27
2026-08-28 00:22:35,746 [INFO] > Whitespace-Korrekturen: 2274
2026-08-28 00:22:35,746 [INFO] > Platzhalter entfernt: 7462
2026-08-28 00:22:35,746 [INFO] > Ungültige Texte zu NaN konvertiert: 9711
2026-08-28 00:22:35,747 [INFO] Gesamtanzahl behobener Anomalien über alle Spalten: 20061
2026-08-28 00:23:43,331 [INFO] STARTE ANALYSE & BEREINIGUNG FÜR: 2026-08-26_geoportalnipp_rkd.parquet
2026-08-28 00:23:43,368 [INFO] Schritt 1: Detaillierter Text-Clean gestartet...
2026-08-28 00:23:43,605 [INFO] --- Fehlerstatistik pro Spalte ---
2026-08-28 00:23:43,606 [INFO] > Spalte 'naziv': 38 Änderungen (whitespaces: 38)
2026-08-28 00:23:43,607 [INFO] > Spalte 'adresa': 7 Änderungen (whitespaces: 7)
2026-08-28 00:23:43,608 [INFO] > Spalte 'registarki_broj_n': 14922 Änderungen (placeholders: 7461, invalid_to_nan: 7461)
2026-08-28 00:23:43,608 [INFO] > Spalte 'datacija': 513 Änderungen (whitespaces: 4, invalid_to_nan: 509)
2026-08-28 00:23:43,609 [INFO] > Spalte 'autor': 1741 Änderungen (whitespaces: 1, invalid_to_nan: 1740)
2026-08-28 00:23:43,609 [INFO] > Spalte 'opis': 2840 Änderungen (linebreaks: 587, excel_artifacts: 27, whitespaces: 2224, placeholders: 1, invalid_to_nan: 1)
2026-08-28 00:23:43,610 [INFO] --- Globale Fehlerzusammenfassung ---
2026-08-28 00:23:43,610 [INFO] > Zeilenumbrüche entfernt: 587
2026-08-28 00:23:43,610 [INFO] > Excel-Artefakte entfernt: 27
2026-08-28 00:23:43,611 [INFO] > Whitespace-Korrekturen: 2274
2026-08-28 00:23:43,611 [INFO] > Platzhalter entfernt: 7462
2026-08-28 00:23:43,612 [INFO] > Ungültige Texte zu NaN konvertiert: 9711
2026-08-28 00:23:43,612 [INFO] Gesamtanzahl behobener Anomalien über alle Spalten: 20061
2026-08-28 00:28:29,540 [INFO] STARTE ANALYSE & BEREINIGUNG FÜR: 2026-08-26_geoportalnipp_rkd.parquet
2026-08-28 00:28:29,580 [INFO] Schritt 1: Detaillierter Text-Clean gestartet...
2026-08-28 00:28:29,819 [INFO] --- Fehlerstatistik pro Spalte ---
2026-08-28 00:28:29,820 [INFO] > Spalte 'naziv': 38 Änderungen (whitespaces: 38)
2026-08-28 00:28:29,820 [INFO] > Spalte 'adresa': 7 Änderungen (whitespaces: 7)
2026-08-28 00:28:29,821 [INFO] > Spalte 'registarki_broj_n': 14922 Änderungen (placeholders: 7461, invalid_to_nan: 7461)
2026-08-28 00:28:29,822 [INFO] > Spalte 'datacija': 513 Änderungen (whitespaces: 4, invalid_to_nan: 509)
2026-08-28 00:28:29,822 [INFO] > Spalte 'autor': 1741 Änderungen (whitespaces: 1, invalid_to_nan: 1740)
2026-08-28 00:28:29,823 [INFO] > Spalte 'opis': 2840 Änderungen (linebreaks: 587, excel_artifacts: 27, whitespaces: 2224, placeholders: 1, invalid_to_nan: 1)
2026-08-28 00:28:29,823 [INFO] --- Globale Fehlerzusammenfassung ---
2026-08-28 00:28:29,824 [INFO] > Zeilenumbrüche entfernt: 587
2026-08-28 00:28:29,824 [INFO] > Excel-Artefakte entfernt: 27
2026-08-28 00:28:29,825 [INFO] > Whitespace-Korrekturen: 2274
2026-08-28 00:28:29,825 [INFO] > Platzhalter entfernt: 7462
2026-08-28 00:28:29,826 [INFO] > Ungültige Texte zu NaN konvertiert: 9711
2026-08-28 00:28:29,826 [INFO] Gesamtanzahl behobener Anomalien über alle Spalten: 20061
2026-08-28 00:28:53,609 [INFO] STARTE ANALYSE & BEREINIGUNG FÜR: 2026-08-26_geoportalnipp_rkd.parquet
2026-08-28 00:28:53,643 [INFO] Schritt 1: Detaillierter Text-Clean gestartet...
2026-08-28 00:28:53,875 [INFO] --- Fehlerstatistik pro Spalte ---
2026-08-28 00:28:53,876 [INFO] > Spalte 'naziv': 38 Änderungen (whitespaces: 38)
2026-08-28 00:28:53,876 [INFO] > Spalte 'adresa': 7 Änderungen (whitespaces: 7)
2026-08-28 00:28:53,877 [INFO] > Spalte 'registarki_broj_n': 14922 Änderungen (placeholders: 7461, invalid_to_nan: 7461)
2026-08-28 00:28:53,877 [INFO] > Spalte 'datacija': 513 Änderungen (whitespaces: 4, invalid_to_nan: 509)
2026-08-28 00:28:53,878 [INFO] > Spalte 'autor': 1741 Änderungen (whitespaces: 1, invalid_to_nan: 1740)
2026-08-28 00:28:53,878 [INFO] > Spalte 'opis': 2840 Änderungen (linebreaks: 587, excel_artifacts: 27, whitespaces: 2224, placeholders: 1, invalid_to_nan: 1)
2026-08-28 00:28:53,878 [INFO] --- Globale Fehlerzusammenfassung ---
2026-08-28 00:28:53,879 [INFO] > Zeilenumbrüche entfernt: 587
2026-08-28 00:28:53,879 [INFO] > Excel-Artefakte entfernt: 27
2026-08-28 00:28:53,879 [INFO] > Whitespace-Korrekturen: 2274
2026-08-28 00:28:53,880 [INFO] > Platzhalter entfernt: 7462
2026-08-28 00:28:53,880 [INFO] > Ungültige Texte zu NaN konvertiert: 9711
2026-08-28 00:28:53,880 [INFO] Gesamtanzahl behobener Anomalien über alle Spalten: 20061
2026-08-28 00:30:17,418 [INFO] STARTE ANALYSE & BEREINIGUNG FÜR: 2026-08-26_geoportalnipp_rkd.parquet
2026-08-28 00:30:17,455 [INFO] Schritt 1: Detaillierter Text-Clean gestartet...
2026-08-28 00:30:17,692 [INFO] --- Fehlerstatistik pro Spalte ---
2026-08-28 00:30:17,693 [INFO] > Spalte 'naziv': 38 Änderungen (whitespaces: 38)
2026-08-28 00:30:17,693 [INFO] > Spalte 'adresa': 7 Änderungen (whitespaces: 7)
2026-08-28 00:30:17,694 [INFO] > Spalte 'registarki_broj_n': 14922 Änderungen (placeholders: 7461, invalid_to_nan: 7461)
2026-08-28 00:30:17,694 [INFO] > Spalte 'datacija': 513 Änderungen (whitespaces: 4, invalid_to_nan: 509)
2026-08-28 00:30:17,694 [INFO] > Spalte 'autor': 1741 Änderungen (whitespaces: 1, invalid_to_nan: 1740)
2026-08-28 00:30:17,695 [INFO] > Spalte 'opis': 2840 Änderungen (linebreaks: 587, excel_artifacts: 27, whitespaces: 2224, placeholders: 1, invalid_to_nan: 1)
2026-08-28 00:30:17,695 [INFO] --- Globale Fehlerzusammenfassung ---
2026-08-28 00:30:17,696 [INFO] > Zeilenumbrüche entfernt: 587
2026-08-28 00:30:17,696 [INFO] > Excel-Artefakte entfernt: 27
2026-08-28 00:30:17,697 [INFO] > Whitespace-Korrekturen: 2274
2026-08-28 00:30:17,697 [INFO] > Platzhalter entfernt: 7462
2026-08-28 00:30:17,698 [INFO] > Ungültige Texte zu NaN konvertiert: 9711
2026-08-28 00:30:17,698 [INFO] Gesamtanzahl behobener Anomalien über alle Spalten: 20061
2026-08-28 00:36:13,930 [INFO] STARTE ANALYSE & BEREINIGUNG FÜR: 2026-08-26_geoportalnipp_rkd.parquet
2026-08-28 00:36:13,998 [INFO] Schritt 1: Detaillierter Text-Clean gestartet...
2026-08-28 00:36:14,224 [INFO] --- Fehlerstatistik pro Spalte ---
2026-08-28 00:36:14,225 [INFO] > Spalte 'naziv': 38 Änderungen (whitespaces: 38)
2026-08-28 00:36:14,225 [INFO] > Spalte 'adresa': 7 Änderungen (whitespaces: 7)
2026-08-28 00:36:14,226 [INFO] > Spalte 'registarki_broj_n': 14922 Änderungen (placeholders: 7461, invalid_to_nan: 7461)
2026-08-28 00:36:14,227 [INFO] > Spalte 'datacija': 513 Änderungen (whitespaces: 4, invalid_to_nan: 509)
2026-08-28 00:36:14,227 [INFO] > Spalte 'autor': 1741 Änderungen (whitespaces: 1, invalid_to_nan: 1740)
2026-08-28 00:36:14,227 [INFO] > Spalte 'opis': 2840 Änderungen (linebreaks: 587, excel_artifacts: 27, whitespaces: 2224, placeholders: 1, invalid_to_nan: 1)
2026-08-28 00:36:14,228 [INFO] --- Globale Fehlerzusammenfassung ---
2026-08-28 00:36:14,228 [INFO] > Zeilenumbrüche entfernt: 587
2026-08-28 00:36:14,229 [INFO] > Excel-Artefakte entfernt: 27
2026-08-28 00:36:14,229 [INFO] > Whitespace-Korrekturen: 2274
2026-08-28 00:36:14,230 [INFO] > Platzhalter entfernt: 7462
2026-08-28 00:36:14,230 [INFO] > Ungültige Texte zu NaN konvertiert: 9711
2026-08-28 00:36:14,230 [INFO] Gesamtanzahl behobener Anomalien über alle Spalten: 20061
2026-08-28 00:39:12,334 [INFO] STARTE ANALYSE & BEREINIGUNG FÜR: 2026-08-26_geoportalnipp_rkd.parquet
2026-08-28 00:39:12,372 [INFO] Schritt 1: Detaillierter Text-Clean gestartet...
2026-08-28 00:39:12,603 [INFO] --- Fehlerstatistik pro Spalte ---
2026-08-28 00:39:12,603 [INFO] > Spalte 'naziv': 38 Änderungen (whitespaces: 38)
2026-08-28 00:39:12,604 [INFO] > Spalte 'adresa': 7 Änderungen (whitespaces: 7)
2026-08-28 00:39:12,604 [INFO] > Spalte 'registarki_broj_n': 14922 Änderungen (placeholders: 7461, invalid_to_nan: 7461)
2026-08-28 00:39:12,605 [INFO] > Spalte 'datacija': 513 Änderungen (whitespaces: 4, invalid_to_nan: 509)
2026-08-28 00:39:12,605 [INFO] > Spalte 'autor': 1741 Änderungen (whitespaces: 1, invalid_to_nan: 1740)
2026-08-28 00:39:12,606 [INFO] > Spalte 'opis': 2840 Änderungen (linebreaks: 587, excel_artifacts: 27, whitespaces: 2224, placeholders: 1, invalid_to_nan: 1)
2026-08-28 00:39:12,607 [INFO] --- Globale Fehlerzusammenfassung ---
2026-08-28 00:39:12,607 [INFO] > Zeilenumbrüche entfernt: 587
2026-08-28 00:39:12,608 [INFO] > Excel-Artefakte entfernt: 27
2026-08-28 00:39:12,608 [INFO] > Whitespace-Korrekturen: 2274
2026-08-28 00:39:12,609 [INFO] > Platzhalter entfernt: 7462
2026-08-28 00:39:12,609 [INFO] > Ungültige Texte zu NaN konvertiert: 9711
2026-08-28 00:39:12,610 [INFO] Gesamtanzahl behobener Anomalien über alle Spalten: 20061
2026-08-28 00:48:55,721 [INFO] STARTE ANALYSE & BEREINIGUNG FÜR: 2026-08-26_geoportalnipp_rkd.parquet
2026-08-28 00:48:55,788 [INFO] Schritt 1: Detaillierter Text-Clean gestartet...
2026-08-28 00:48:56,013 [INFO] --- Fehlerstatistik pro Spalte ---
2026-08-28 00:48:56,014 [INFO] > Spalte 'naziv': 38 Änderungen (whitespaces: 38)
2026-08-28 00:48:56,014 [INFO] > Spalte 'adresa': 7 Änderungen (whitespaces: 7)
2026-08-28 00:48:56,015 [INFO] > Spalte 'registarki_broj_n': 14922 Änderungen (placeholders: 7461, invalid_to_nan: 7461)
2026-08-28 00:48:56,015 [INFO] > Spalte 'datacija': 513 Änderungen (whitespaces: 4, invalid_to_nan: 509)
2026-08-28 00:48:56,016 [INFO] > Spalte 'autor': 1741 Änderungen (whitespaces: 1, invalid_to_nan: 1740)
2026-08-28 00:48:56,016 [INFO] > Spalte 'opis': 2840 Änderungen (linebreaks: 587, excel_artifacts: 27, whitespaces: 2224, placeholders: 1, invalid_to_nan: 1)
2026-08-28 00:48:56,016 [INFO] --- Globale Fehlerzusammenfassung ---
2026-08-28 00:48:56,017 [INFO] > Zeilenumbrüche entfernt: 587
2026-08-28 00:48:56,017 [INFO] > Excel-Artefakte entfernt: 27
2026-08-28 00:48:56,018 [INFO] > Whitespace-Korrekturen: 2274
2026-08-28 00:48:56,018 [INFO] > Platzhalter entfernt: 7462
2026-08-28 00:48:56,019 [INFO] > Ungültige Texte zu NaN konvertiert: 9711
2026-08-28 00:48:56,019 [INFO] Gesamtanzahl behobener Anomalien über alle Spalten: 20061
2026-08-28 01:01:25,334 [INFO] STARTE ANALYSE & BEREINIGUNG FÜR: 2026-08-26_geoportalnipp_rkd.parquet
2026-08-28 01:01:25,400 [INFO] Schritt 1: Detaillierter Text-Clean gestartet...
2026-08-28 01:01:25,624 [INFO] --- Fehlerstatistik pro Spalte ---
2026-08-28 01:01:25,625 [INFO] > Spalte 'naziv': 38 Änderungen (whitespaces: 38)
2026-08-28 01:01:25,626 [INFO] > Spalte 'adresa': 7 Änderungen (whitespaces: 7)
2026-08-28 01:01:25,626 [INFO] > Spalte 'registarki_broj_n': 14922 Änderungen (placeholders: 7461, invalid_to_nan: 7461)
2026-08-28 01:01:25,627 [INFO] > Spalte 'datacija': 513 Änderungen (whitespaces: 4, invalid_to_nan: 509)
2026-08-28 01:01:25,627 [INFO] > Spalte 'autor': 1741 Änderungen (whitespaces: 1, invalid_to_nan: 1740)
2026-08-28 01:01:25,628 [INFO] > Spalte 'opis': 2840 Änderungen (linebreaks: 587, excel_artifacts: 27, whitespaces: 2224, placeholders: 1, invalid_to_nan: 1)
2026-08-28 01:01:25,628 [INFO] --- Globale Fehlerzusammenfassung ---
2026-08-28 01:01:25,629 [INFO] > Zeilenumbrüche entfernt: 587
2026-08-28 01:01:25,630 [INFO] > Excel-Artefakte entfernt: 27
2026-08-28 01:01:25,630 [INFO] > Whitespace-Korrekturen: 2274
2026-08-28 01:01:25,630 [INFO] > Platzhalter entfernt: 7462
2026-08-28 01:01:25,631 [INFO] > Ungültige Texte zu NaN konvertiert: 9711
2026-08-28 01:01:25,631 [INFO] Gesamtanzahl behobener Anomalien über alle Spalten: 20061
2026-08-28 01:34:13,149 [INFO] STARTE ANALYSE & BEREINIGUNG FÜR: 2026-08-26_geoportalnipp_rkd.parquet
2026-08-28 01:34:13,212 [INFO] Schritt 1: Detaillierter Text-Clean gestartet...
2026-08-28 01:34:13,433 [INFO] --- Fehlerstatistik pro Spalte ---
2026-08-28 01:34:13,434 [INFO] > Spalte 'naziv': 38 Änderungen (whitespaces: 38)
2026-08-28 01:34:13,435 [INFO] > Spalte 'adresa': 7 Änderungen (whitespaces: 7)
2026-08-28 01:34:13,435 [INFO] > Spalte 'registarki_broj_n': 14922 Änderungen (placeholders: 7461, invalid_to_nan: 7461)
2026-08-28 01:34:13,436 [INFO] > Spalte 'datacija': 513 Änderungen (whitespaces: 4, invalid_to_nan: 509)
2026-08-28 01:34:13,436 [INFO] > Spalte 'autor': 1741 Änderungen (whitespaces: 1, invalid_to_nan: 1740)
2026-08-28 01:34:13,437 [INFO] > Spalte 'opis': 2840 Änderungen (linebreaks: 587, excel_artifacts: 27, whitespaces: 2224, placeholders: 1, invalid_to_nan: 1)
2026-08-28 01:34:13,437 [INFO] --- Globale Fehlerzusammenfassung ---
2026-08-28 01:34:13,437 [INFO] > Zeilenumbrüche entfernt: 587
2026-08-28 01:34:13,438 [INFO] > Excel-Artefakte entfernt: 27
2026-08-28 01:34:13,438 [INFO] > Whitespace-Korrekturen: 2274
2026-08-28 01:34:13,439 [INFO] > Platzhalter entfernt: 7462
2026-08-28 01:34:13,439 [INFO] > Ungültige Texte zu NaN konvertiert: 9711
2026-08-28 01:34:13,440 [INFO] Gesamtanzahl behobener Anomalien über alle Spalten: 20061
